问题编号,轮次,评估阶段,Agent ID,风险等级,u_t,c_t,s_t,tau_u,tau_c,tau_s,是否幻觉
0,1,after_update,agent_001,Low Risk,1.0,1.0,1.0,0.4,0.4,0.4,False
0,1,after_update,agent_002,Low Risk,1.0,1.0,1.0,0.4,0.4,0.4,False
0,1,after_update,agent_003,Low Risk,1.0,1.0,1.0,0.4,0.4,0.4,False
0,1,after_update,agent_004,Low Risk,1.0,1.0,1.0,0.4,0.4,0.4,False
0,1,after_update,agent_005,Low Risk,1.0,1.0,1.0,0.4,0.4,0.4,False
0,1,after_update,agent_006,Low Risk,1.0,1.0,1.0,0.4,0.4,0.4,False
0,2,after_update,agent_001,Low Risk,1.0,1.0,1.0,0.4,0.4,0.4,False
0,2,after_update,agent_002,Low Risk,1.0,1.0,1.0,0.4,0.4,0.4,False
0,2,after_update,agent_003,Low Risk,1.0,1.0,1.0,0.4,0.4,0.4,False
0,2,after_update,agent_004,Low Risk,1.0,1.0,1.0,0.4,0.4,0.4,False
0,2,after_update,agent_005,Low Risk,1.0,1.0,1.0,0.4,0.4,0.4,False
0,2,after_update,agent_006,Low Risk,1.0,1.0,1.0,0.4,0.4,0.4,False
0,3,after_update,agent_001,Low Risk,1.0,1.0,1.0,0.4,0.4,0.4,False
0,3,after_update,agent_002,Low Risk,1.0,1.0,1.0,0.4,0.4,0.4,False
0,3,after_update,agent_003,Low Risk,1.0,1.0,1.0,0.4,0.4,0.4,False
0,3,after_update,agent_004,Low Risk,1.0,1.0,1.0,0.4,0.4,0.4,False
0,3,after_update,agent_005,Low Risk,1.0,1.0,1.0,0.4,0.4,0.4,False
0,3,after_update,agent_006,Low Risk,1.0,1.0,1.0,0.4,0.4,0.4,False
1,1,after_update,agent_001,Medium Risk,1.0,1.0,0.1,0.6667,0.6667,0.5,True
1,1,after_update,agent_002,Medium Risk,1.0,1.0,0.1,0.6667,0.6667,0.5,True
1,1,after_update,agent_003,Medium Risk,1.0,1.0,0.1,0.6667,0.6667,0.5,True
1,1,after_update,agent_004,Medium Risk,1.0,1.0,0.1,0.6667,0.6667,0.5,True
1,1,after_update,agent_005,Medium Risk,1.0,1.0,0.1,0.6667,0.6667,0.5,True
1,1,after_update,agent_006,Medium Risk,1.0,1.0,0.1,0.6667,0.6667,0.5,True
1,2,after_update,agent_001,Medium Risk,1.0,1.0,0.1,0.6667,0.6667,0.5,True
1,2,after_update,agent_002,Medium Risk,1.0,1.0,0.1,0.6667,0.6667,0.5,True
1,2,after_update,agent_003,Medium Risk,1.0,1.0,0.1,0.6667,0.6667,0.5,True
1,2,after_update,agent_004,Medium Risk,1.0,1.0,0.1,0.6667,0.6667,0.5,True
1,2,after_update,agent_005,Medium Risk,1.0,1.0,0.1,0.6667,0.6667,0.5,True
1,2,after_update,agent_006,Medium Risk,1.0,1.0,0.1,0.6667,0.6667,0.5,True
1,3,after_update,agent_001,Medium Risk,1.0,1.0,0.1,0.6667,0.6667,0.5,True
1,3,after_update,agent_002,Medium Risk,1.0,1.0,0.1,0.6667,0.6667,0.5,True
1,3,after_update,agent_003,Medium Risk,1.0,1.0,0.1,0.6667,0.6667,0.5,True
1,3,after_update,agent_004,Medium Risk,1.0,1.0,0.1,0.6667,0.6667,0.5,True
1,3,after_update,agent_005,Medium Risk,1.0,1.0,0.1,0.6667,0.6667,0.5,True
1,3,after_update,agent_006,Medium Risk,1.0,1.0,0.1,0.6667,0.6667,0.5,True
2,1,after_update,agent_001,Low Risk,1.0,1.0,1.0,0.4,0.4,0.4,False
2,1,after_update,agent_002,Low Risk,1.0,1.0,1.0,0.4,0.4,0.4,False
2,1,after_update,agent_003,Low Risk,1.0,1.0,1.0,0.4,0.4,0.4,False
2,1,after_update,agent_004,Low Risk,1.0,1.0,1.0,0.4,0.4,0.4,False
2,1,after_update,agent_005,Low Risk,1.0,1.0,1.0,0.4,0.4,0.4,False
2,1,after_update,agent_006,Low Risk,1.0,1.0,1.0,0.4,0.4,0.4,False
2,2,after_update,agent_001,Low Risk,1.0,1.0,1.0,0.4,0.4,0.4,False
2,2,after_update,agent_002,Low Risk,1.0,1.0,1.0,0.4,0.4,0.4,False
2,2,after_update,agent_003,Low Risk,1.0,1.0,1.0,0.4,0.4,0.4,False
2,2,after_update,agent_004,Low Risk,1.0,1.0,1.0,0.4,0.4,0.4,False
2,2,after_update,agent_005,Low Risk,1.0,1.0,1.0,0.4,0.4,0.4,False
2,2,after_update,agent_006,Low Risk,1.0,1.0,1.0,0.4,0.4,0.4,False
2,3,after_update,agent_001,Low Risk,1.0,0.8,1.0,0.4,0.4,0.4,False
2,3,after_update,agent_002,Low Risk,1.0,0.8,1.0,0.4,0.4,0.4,False
2,3,after_update,agent_003,Low Risk,1.0,0.8,1.0,0.4,0.4,0.4,False
2,3,after_update,agent_004,Low Risk,1.0,0.8,1.0,0.4,0.4,0.4,False
2,3,after_update,agent_005,Medium Risk,0.6667,0.0,1.0,0.4,0.5,0.4,False
2,3,after_update,agent_006,Low Risk,1.0,0.8,1.0,0.4,0.4,0.4,False
3,1,after_update,agent_001,Low Risk,1.0,1.0,1.0,0.4,0.4,0.4,False
3,1,after_update,agent_002,Low Risk,1.0,1.0,1.0,0.4,0.4,0.4,False
3,1,after_update,agent_003,Low Risk,1.0,1.0,1.0,0.4,0.4,0.4,False
3,1,after_update,agent_004,Low Risk,1.0,1.0,1.0,0.4,0.4,0.4,False
3,1,after_update,agent_005,Low Risk,1.0,1.0,1.0,0.4,0.4,0.4,False
3,1,after_update,agent_006,Low Risk,1.0,1.0,1.0,0.4,0.4,0.4,False
3,2,after_update,agent_001,Low Risk,1.0,1.0,1.0,0.4,0.4,0.4,False
3,2,after_update,agent_002,Low Risk,1.0,1.0,1.0,0.4,0.4,0.4,False
3,2,after_update,agent_003,Low Risk,1.0,1.0,1.0,0.4,0.4,0.4,False
3,2,after_update,agent_004,Low Risk,1.0,1.0,1.0,0.4,0.4,0.4,False
3,2,after_update,agent_005,Low Risk,1.0,1.0,1.0,0.4,0.4,0.4,False
3,2,after_update,agent_006,Low Risk,1.0,1.0,1.0,0.4,0.4,0.4,False
3,3,after_update,agent_001,Low Risk,1.0,1.0,1.0,0.4,0.4,0.4,False
3,3,after_update,agent_002,Low Risk,1.0,1.0,1.0,0.4,0.4,0.4,False
3,3,after_update,agent_003,Low Risk,1.0,1.0,1.0,0.4,0.4,0.4,False
3,3,after_update,agent_004,Low Risk,1.0,1.0,1.0,0.4,0.4,0.4,False
3,3,after_update,agent_005,Low Risk,1.0,1.0,1.0,0.4,0.4,0.4,False
3,3,after_update,agent_006,Low Risk,1.0,1.0,1.0,0.4,0.4,0.4,False
4,1,after_update,agent_001,Medium Risk,1.0,1.0,0.1,0.6667,0.6667,0.5,True
4,1,after_update,agent_002,Medium Risk,1.0,1.0,0.1,0.6667,0.6667,0.5,True
4,1,after_update,agent_003,Medium Risk,1.0,1.0,0.1,0.6667,0.6667,0.5,True
4,1,after_update,agent_004,Medium Risk,1.0,1.0,0.1,0.6667,0.6667,0.5,True
4,1,after_update,agent_005,Medium Risk,1.0,1.0,0.1,0.6667,0.6667,0.5,True
4,1,after_update,agent_006,Medium Risk,1.0,1.0,0.1,0.6667,0.6667,0.5,True
4,2,after_update,agent_001,Medium Risk,1.0,1.0,0.1,0.6667,0.6667,0.5,True
4,2,after_update,agent_002,Medium Risk,1.0,1.0,0.1,0.6667,0.6667,0.5,True
4,2,after_update,agent_003,Medium Risk,1.0,1.0,0.1,0.6667,0.6667,0.5,True
4,2,after_update,agent_004,Medium Risk,1.0,1.0,0.1,0.6667,0.6667,0.5,True
4,2,after_update,agent_005,Medium Risk,1.0,1.0,0.1,0.6667,0.6667,0.5,True
4,2,after_update,agent_006,Medium Risk,1.0,1.0,0.1,0.6667,0.6667,0.5,True
4,3,after_update,agent_001,Medium Risk,1.0,1.0,0.1,0.6667,0.6667,0.5,True
4,3,after_update,agent_002,Medium Risk,1.0,1.0,0.1,0.6667,0.6667,0.5,True
4,3,after_update,agent_003,Medium Risk,1.0,1.0,0.1,0.6667,0.6667,0.5,True
4,3,after_update,agent_004,Medium Risk,1.0,1.0,0.1,0.6667,0.6667,0.5,True
4,3,after_update,agent_005,Medium Risk,1.0,1.0,0.1,0.6667,0.6667,0.5,True
4,3,after_update,agent_006,Medium Risk,1.0,1.0,0.1,0.6667,0.6667,0.5,True
5,1,after_update,agent_001,Low Risk,1.0,1.0,1.0,0.4,0.4,0.4,False
5,1,after_update,agent_002,Low Risk,1.0,1.0,1.0,0.4,0.4,0.4,False
5,1,after_update,agent_003,Low Risk,1.0,1.0,1.0,0.4,0.4,0.4,False
5,1,after_update,agent_004,Low Risk,1.0,1.0,1.0,0.4,0.4,0.4,False
5,1,after_update,agent_005,Low Risk,1.0,1.0,1.0,0.4,0.4,0.4,False
5,1,after_update,agent_006,Low Risk,1.0,1.0,1.0,0.4,0.4,0.4,False
5,2,after_update,agent_001,Low Risk,1.0,1.0,1.0,0.4,0.4,0.4,False
5,2,after_update,agent_002,Low Risk,1.0,1.0,1.0,0.4,0.4,0.4,False
5,2,after_update,agent_003,Low Risk,1.0,1.0,1.0,0.4,0.4,0.4,False
5,2,after_update,agent_004,Low Risk,1.0,1.0,1.0,0.4,0.4,0.4,False
5,2,after_update,agent_005,Low Risk,1.0,1.0,1.0,0.4,0.4,0.4,False
5,2,after_update,agent_006,Low Risk,1.0,1.0,1.0,0.4,0.4,0.4,False
5,3,after_update,agent_001,Low Risk,1.0,1.0,1.0,0.4,0.4,0.4,False
5,3,after_update,agent_002,Low Risk,1.0,1.0,1.0,0.4,0.4,0.4,False
5,3,after_update,agent_003,Low Risk,1.0,1.0,1.0,0.4,0.4,0.4,False
5,3,after_update,agent_004,Low Risk,1.0,1.0,1.0,0.4,0.4,0.4,False
5,3,after_update,agent_005,Low Risk,1.0,1.0,1.0,0.4,0.4,0.4,False
5,3,after_update,agent_006,Low Risk,1.0,1.0,1.0,0.4,0.4,0.4,False
6,1,after_update,agent_001,Low Risk,1.0,1.0,1.0,0.4,0.4,0.4,False
6,1,after_update,agent_002,Low Risk,1.0,1.0,1.0,0.4,0.4,0.4,False
6,1,after_update,agent_003,Low Risk,1.0,1.0,1.0,0.4,0.4,0.4,False
6,1,after_update,agent_004,Low Risk,1.0,1.0,1.0,0.4,0.4,0.4,False
6,1,after_update,agent_005,Low Risk,1.0,1.0,1.0,0.4,0.4,0.4,False
6,1,after_update,agent_006,Low Risk,1.0,1.0,1.0,0.4,0.4,0.4,False
6,2,after_update,agent_001,Low Risk,1.0,1.0,1.0,0.4,0.4,0.4,False
6,2,after_update,agent_002,Low Risk,1.0,1.0,1.0,0.4,0.4,0.4,False
6,2,after_update,agent_003,Low Risk,1.0,1.0,1.0,0.4,0.4,0.4,False
6,2,after_update,agent_004,Low Risk,1.0,1.0,1.0,0.4,0.4,0.4,False
6,2,after_update,agent_005,Low Risk,1.0,1.0,1.0,0.4,0.4,0.4,False
6,2,after_update,agent_006,Low Risk,1.0,1.0,1.0,0.4,0.4,0.4,False
6,3,after_update,agent_001,Low Risk,1.0,1.0,1.0,0.4,0.4,0.4,False
6,3,after_update,agent_002,Low Risk,1.0,1.0,1.0,0.4,0.4,0.4,False
6,3,after_update,agent_003,Low Risk,1.0,1.0,1.0,0.4,0.4,0.4,False
6,3,after_update,agent_004,Low Risk,1.0,1.0,1.0,0.4,0.4,0.4,False
6,3,after_update,agent_005,Low Risk,1.0,1.0,1.0,0.4,0.4,0.4,False
6,3,after_update,agent_006,Low Risk,1.0,1.0,1.0,0.4,0.4,0.4,False
7,1,after_update,agent_001,Low Risk,1.0,1.0,1.0,0.4,0.4,0.4,False
7,1,after_update,agent_002,Low Risk,1.0,1.0,1.0,0.4,0.4,0.4,False
7,1,after_update,agent_003,Low Risk,1.0,1.0,1.0,0.4,0.4,0.4,False
7,1,after_update,agent_004,Low Risk,1.0,1.0,1.0,0.4,0.4,0.4,False
7,1,after_update,agent_005,Low Risk,1.0,1.0,1.0,0.4,0.4,0.4,False
7,1,after_update,agent_006,Low Risk,1.0,1.0,1.0,0.4,0.4,0.4,False
7,2,after_update,agent_001,Low Risk,1.0,1.0,1.0,0.4,0.4,0.4,False
7,2,after_update,agent_002,Low Risk,1.0,1.0,1.0,0.4,0.4,0.4,False
7,2,after_update,agent_003,Low Risk,1.0,1.0,1.0,0.4,0.4,0.4,False
7,2,after_update,agent_004,Low Risk,1.0,1.0,1.0,0.4,0.4,0.4,False
7,2,after_update,agent_005,Low Risk,1.0,1.0,1.0,0.4,0.4,0.4,False
7,2,after_update,agent_006,Low Risk,1.0,1.0,1.0,0.4,0.4,0.4,False
7,3,after_update,agent_001,Medium Risk,1.0,0.0,1.0,0.4,0.5,0.4,False
7,3,after_update,agent_002,Low Risk,1.0,0.8,1.0,0.4,0.4,0.4,False
7,3,after_update,agent_003,Low Risk,1.0,0.8,1.0,0.4,0.4,0.4,False
7,3,after_update,agent_004,Low Risk,1.0,0.8,1.0,0.4,0.4,0.4,False
7,3,after_update,agent_005,Low Risk,1.0,0.8,1.0,0.4,0.4,0.4,False
7,3,after_update,agent_006,Low Risk,1.0,0.8,1.0,0.4,0.4,0.4,False
8,1,after_update,agent_001,Low Risk,1.0,1.0,1.0,0.4,0.4,0.4,False
8,1,after_update,agent_002,Low Risk,1.0,1.0,1.0,0.4,0.4,0.4,False
8,1,after_update,agent_003,Low Risk,1.0,1.0,1.0,0.4,0.4,0.4,False
8,1,after_update,agent_004,Low Risk,1.0,1.0,1.0,0.4,0.4,0.4,False
8,1,after_update,agent_005,Low Risk,1.0,1.0,1.0,0.4,0.4,0.4,False
8,1,after_update,agent_006,Low Risk,1.0,1.0,1.0,0.4,0.4,0.4,False
8,2,after_update,agent_001,Low Risk,1.0,1.0,1.0,0.4,0.4,0.4,False
8,2,after_update,agent_002,Low Risk,1.0,1.0,1.0,0.4,0.4,0.4,False
8,2,after_update,agent_003,Low Risk,1.0,1.0,1.0,0.4,0.4,0.4,False
8,2,after_update,agent_004,Low Risk,1.0,1.0,1.0,0.4,0.4,0.4,False
8,2,after_update,agent_005,Low Risk,1.0,1.0,1.0,0.4,0.4,0.4,False
8,2,after_update,agent_006,Low Risk,1.0,1.0,1.0,0.4,0.4,0.4,False
8,3,after_update,agent_001,Low Risk,1.0,0.8,1.0,0.4,0.4,0.4,False
8,3,after_update,agent_002,Low Risk,1.0,0.8,1.0,0.4,0.4,0.4,False
8,3,after_update,agent_003,Medium Risk,1.0,0.0,1.0,0.4,0.5,0.4,False
8,3,after_update,agent_004,Low Risk,1.0,0.8,1.0,0.4,0.4,0.4,False
8,3,after_update,agent_005,Low Risk,1.0,0.8,1.0,0.4,0.4,0.4,False
8,3,after_update,agent_006,Low Risk,1.0,0.8,1.0,0.4,0.4,0.4,False
9,1,after_update,agent_001,Low Risk,1.0,1.0,1.0,0.4,0.4,0.4,False
9,1,after_update,agent_002,Low Risk,1.0,1.0,1.0,0.4,0.4,0.4,False
9,1,after_update,agent_003,Low Risk,1.0,1.0,1.0,0.4,0.4,0.4,False
9,1,after_update,agent_004,Low Risk,1.0,1.0,1.0,0.4,0.4,0.4,False
9,1,after_update,agent_005,Low Risk,1.0,1.0,1.0,0.4,0.4,0.4,False
9,1,after_update,agent_006,Low Risk,1.0,1.0,1.0,0.4,0.4,0.4,False
9,2,after_update,agent_001,Low Risk,1.0,1.0,1.0,0.4,0.4,0.4,False
9,2,after_update,agent_002,Low Risk,1.0,1.0,1.0,0.4,0.4,0.4,False
9,2,after_update,agent_003,Low Risk,1.0,1.0,1.0,0.4,0.4,0.4,False
9,2,after_update,agent_004,Low Risk,1.0,1.0,1.0,0.4,0.4,0.4,False
9,2,after_update,agent_005,Low Risk,1.0,1.0,1.0,0.4,0.4,0.4,False
9,2,after_update,agent_006,Low Risk,1.0,1.0,1.0,0.4,0.4,0.4,False
9,3,after_update,agent_001,Low Risk,1.0,1.0,1.0,0.4,0.4,0.4,False
9,3,after_update,agent_002,Low Risk,1.0,1.0,1.0,0.4,0.4,0.4,False
9,3,after_update,agent_003,Low Risk,1.0,1.0,1.0,0.4,0.4,0.4,False
9,3,after_update,agent_004,Low Risk,1.0,1.0,1.0,0.4,0.4,0.4,False
9,3,after_update,agent_005,Low Risk,1.0,1.0,1.0,0.4,0.4,0.4,False
9,3,after_update,agent_006,Low Risk,1.0,1.0,1.0,0.4,0.4,0.4,False
10,1,after_update,agent_001,Medium Risk,1.0,1.0,0.1,0.6667,0.6667,0.5,True
10,1,after_update,agent_002,Medium Risk,1.0,1.0,0.1,0.6667,0.6667,0.5,True
10,1,after_update,agent_003,Medium Risk,1.0,1.0,0.1,0.6667,0.6667,0.5,True
10,1,after_update,agent_004,Medium Risk,1.0,1.0,0.1,0.6667,0.6667,0.5,True
10,1,after_update,agent_005,Medium Risk,1.0,1.0,0.1,0.6667,0.6667,0.5,True
10,1,after_update,agent_006,Medium Risk,1.0,1.0,0.1,0.6667,0.6667,0.5,True
10,2,after_update,agent_001,Medium Risk,1.0,1.0,0.1,0.6667,0.6667,0.5,True
10,2,after_update,agent_002,Medium Risk,1.0,1.0,0.1,0.6667,0.6667,0.5,True
10,2,after_update,agent_003,Medium Risk,1.0,1.0,0.1,0.6667,0.6667,0.5,True
10,2,after_update,agent_004,Medium Risk,1.0,1.0,0.1,0.6667,0.6667,0.5,True
10,2,after_update,agent_005,Medium Risk,1.0,1.0,0.1,0.6667,0.6667,0.5,True
10,2,after_update,agent_006,Medium Risk,1.0,1.0,0.1,0.6667,0.6667,0.5,True
10,3,after_update,agent_001,Medium Risk,1.0,1.0,0.1,0.6667,0.6667,0.5,True
10,3,after_update,agent_002,Medium Risk,1.0,1.0,0.1,0.6667,0.6667,0.5,True
10,3,after_update,agent_003,Medium Risk,1.0,1.0,0.1,0.6667,0.6667,0.5,True
10,3,after_update,agent_004,Medium Risk,1.0,1.0,0.1,0.6667,0.6667,0.5,True
10,3,after_update,agent_005,Medium Risk,1.0,1.0,0.1,0.6667,0.6667,0.5,True
10,3,after_update,agent_006,Medium Risk,1.0,1.0,0.1,0.6667,0.6667,0.5,True
11,1,after_update,agent_001,High Risk,1.0,0.4,0.1,0.5,0.6,0.6,True
11,1,after_update,agent_002,Medium Risk,1.0,0.4,1.0,0.4,0.5,0.4,False
11,1,after_update,agent_003,High Risk,1.0,0.4,0.1,0.5,0.6,0.6,True
11,1,after_update,agent_004,Medium Risk,1.0,0.4,1.0,0.4,0.5,0.4,False
11,1,after_update,agent_005,High Risk,1.0,0.4,0.1,0.5,0.6,0.6,True
11,1,after_update,agent_006,Medium Risk,1.0,0.4,1.0,0.4,0.5,0.4,False
11,2,after_update,agent_002,Low Risk,1.0,1.0,1.0,0.4,0.4,0.4,False
11,2,after_update,agent_004,Low Risk,1.0,1.0,1.0,0.4,0.4,0.4,False
11,2,after_update,agent_006,Low Risk,1.0,1.0,1.0,0.4,0.4,0.4,False
11,3,after_update,agent_002,Low Risk,1.0,1.0,1.0,0.4,0.4,0.4,False
11,3,after_update,agent_004,Low Risk,1.0,1.0,1.0,0.4,0.4,0.4,False
11,3,after_update,agent_006,Low Risk,1.0,1.0,1.0,0.4,0.4,0.4,False
12,1,after_update,agent_001,Low Risk,1.0,0.8,1.0,0.4,0.4,0.4,False
12,1,after_update,agent_002,Low Risk,1.0,0.8,1.0,0.4,0.4,0.4,False
12,1,after_update,agent_003,Low Risk,1.0,0.8,1.0,0.4,0.4,0.4,False
12,1,after_update,agent_004,Medium Risk,1.0,0.0,1.0,0.4,0.5,0.4,False
12,1,after_update,agent_005,Low Risk,1.0,0.8,1.0,0.4,0.4,0.4,False
12,1,after_update,agent_006,Low Risk,1.0,0.8,1.0,0.4,0.4,0.4,False
12,2,after_update,agent_001,Low Risk,1.0,1.0,1.0,0.4,0.4,0.4,False
12,2,after_update,agent_002,Low Risk,1.0,1.0,1.0,0.4,0.4,0.4,False
12,2,after_update,agent_003,Low Risk,1.0,1.0,1.0,0.4,0.4,0.4,False
12,2,after_update,agent_005,Low Risk,1.0,1.0,1.0,0.4,0.4,0.4,False
12,2,after_update,agent_006,Low Risk,1.0,1.0,1.0,0.4,0.4,0.4,False
12,3,after_update,agent_001,Low Risk,1.0,1.0,1.0,0.4,0.4,0.4,False
12,3,after_update,agent_002,Low Risk,1.0,1.0,1.0,0.4,0.4,0.4,False
12,3,after_update,agent_003,Low Risk,1.0,1.0,1.0,0.4,0.4,0.4,False
12,3,after_update,agent_005,Low Risk,1.0,1.0,1.0,0.4,0.4,0.4,False
12,3,after_update,agent_006,Low Risk,1.0,1.0,1.0,0.4,0.4,0.4,False
13,1,after_update,agent_001,Low Risk,1.0,0.8,1.0,0.4,0.4,0.4,False
13,1,after_update,agent_002,Low Risk,1.0,0.8,1.0,0.4,0.4,0.4,False
13,1,after_update,agent_003,Low Risk,1.0,0.8,1.0,0.4,0.4,0.4,False
13,1,after_update,agent_004,Low Risk,1.0,0.8,1.0,0.4,0.4,0.4,False
13,1,after_update,agent_005,Medium Risk,1.0,0.0,1.0,0.4,0.5,0.4,False
13,1,after_update,agent_006,Low Risk,1.0,0.8,1.0,0.4,0.4,0.4,False
13,2,after_update,agent_001,Low Risk,1.0,1.0,1.0,0.4,0.4,0.4,False
13,2,after_update,agent_002,Low Risk,1.0,1.0,1.0,0.4,0.4,0.4,False
13,2,after_update,agent_003,Low Risk,1.0,1.0,1.0,0.4,0.4,0.4,False
13,2,after_update,agent_004,Low Risk,1.0,1.0,1.0,0.4,0.4,0.4,False
13,2,after_update,agent_006,Low Risk,1.0,1.0,1.0,0.4,0.4,0.4,False
13,3,after_update,agent_001,Low Risk,1.0,0.5,1.0,0.4,0.4,0.4,False
13,3,after_update,agent_002,Medium Risk,1.0,0.25,1.0,0.4,0.5,0.4,False
13,3,after_update,agent_003,Medium Risk,1.0,0.25,1.0,0.4,0.5,0.4,False
13,3,after_update,agent_004,Low Risk,1.0,0.5,1.0,0.4,0.4,0.4,False
13,3,after_update,agent_006,Low Risk,1.0,0.5,1.0,0.4,0.4,0.4,False
14,1,after_update,agent_001,Medium Risk,1.0,0.8,0.1,0.6667,0.6667,0.5,True
14,1,after_update,agent_002,Medium Risk,1.0,0.8,0.1,0.6667,0.6667,0.5,True
14,1,after_update,agent_003,Medium Risk,1.0,0.0,1.0,0.4,0.5,0.4,False
14,1,after_update,agent_004,Medium Risk,1.0,0.8,0.1,0.6667,0.6667,0.5,True
14,1,after_update,agent_005,Medium Risk,1.0,0.8,0.1,0.6667,0.6667,0.5,True
14,1,after_update,agent_006,Medium Risk,1.0,0.8,0.1,0.6667,0.6667,0.5,True
14,2,after_update,agent_003,Medium Risk,1.0,0.0,1.0,0.4,0.5,0.4,False
14,3,after_update,agent_003,Medium Risk,1.0,0.0,1.0,0.4,0.5,0.4,False
15,1,after_update,agent_001,Low Risk,1.0,1.0,1.0,0.4,0.4,0.4,False
15,1,after_update,agent_002,Low Risk,1.0,1.0,1.0,0.4,0.4,0.4,False
15,1,after_update,agent_003,Low Risk,1.0,1.0,1.0,0.4,0.4,0.4,False
15,1,after_update,agent_004,Low Risk,1.0,1.0,1.0,0.4,0.4,0.4,False
15,1,after_update,agent_005,Low Risk,1.0,1.0,1.0,0.4,0.4,0.4,False
15,1,after_update,agent_006,Low Risk,1.0,1.0,1.0,0.4,0.4,0.4,False
15,2,after_update,agent_001,Low Risk,1.0,1.0,1.0,0.4,0.4,0.4,False
15,2,after_update,agent_002,Low Risk,1.0,1.0,1.0,0.4,0.4,0.4,False
15,2,after_update,agent_003,Low Risk,1.0,1.0,1.0,0.4,0.4,0.4,False
15,2,after_update,agent_004,Low Risk,1.0,1.0,1.0,0.4,0.4,0.4,False
15,2,after_update,agent_005,Low Risk,1.0,1.0,1.0,0.4,0.4,0.4,False
15,2,after_update,agent_006,Low Risk,1.0,1.0,1.0,0.4,0.4,0.4,False
15,3,after_update,agent_001,Medium Risk,1.0,0.2,1.0,0.4,0.5,0.4,False
15,3,after_update,agent_002,Low Risk,1.0,0.6,1.0,0.4,0.4,0.4,False
15,3,after_update,agent_003,Low Risk,1.0,0.6,1.0,0.4,0.4,0.4,False
15,3,after_update,agent_004,Low Risk,1.0,0.6,1.0,0.4,0.4,0.4,False
15,3,after_update,agent_005,Low Risk,1.0,0.6,1.0,0.4,0.4,0.4,False
15,3,after_update,agent_006,Medium Risk,1.0,0.2,1.0,0.4,0.5,0.4,False
16,1,after_update,agent_001,Low Risk,1.0,1.0,1.0,0.4,0.4,0.4,False
16,1,after_update,agent_002,Low Risk,1.0,1.0,1.0,0.4,0.4,0.4,False
16,1,after_update,agent_003,Low Risk,1.0,1.0,1.0,0.4,0.4,0.4,False
16,1,after_update,agent_004,Low Risk,1.0,1.0,1.0,0.4,0.4,0.4,False
16,1,after_update,agent_005,Low Risk,1.0,1.0,1.0,0.4,0.4,0.4,False
16,1,after_update,agent_006,Low Risk,1.0,1.0,1.0,0.4,0.4,0.4,False
16,2,after_update,agent_001,Medium Risk,1.0,0.0,1.0,0.4,0.5,0.4,False
16,2,after_update,agent_002,Low Risk,1.0,0.8,1.0,0.4,0.4,0.4,False
16,2,after_update,agent_003,Low Risk,1.0,0.8,1.0,0.4,0.4,0.4,False
16,2,after_update,agent_004,Low Risk,1.0,0.8,1.0,0.4,0.4,0.4,False
16,2,after_update,agent_005,Low Risk,1.0,0.8,1.0,0.4,0.4,0.4,False
16,2,after_update,agent_006,Low Risk,1.0,0.8,1.0,0.4,0.4,0.4,False
16,3,after_update,agent_002,Low Risk,1.0,1.0,1.0,0.4,0.4,0.4,False
16,3,after_update,agent_003,Low Risk,1.0,1.0,1.0,0.4,0.4,0.4,False
16,3,after_update,agent_004,Low Risk,1.0,1.0,1.0,0.4,0.4,0.4,False
16,3,after_update,agent_005,Low Risk,1.0,1.0,1.0,0.4,0.4,0.4,False
16,3,after_update,agent_006,Low Risk,1.0,1.0,1.0,0.4,0.4,0.4,False
17,1,after_update,agent_001,Medium Risk,1.0,0.8,0.1,0.6667,0.6667,0.5,True
17,1,after_update,agent_002,Medium Risk,1.0,0.8,0.1,0.6667,0.6667,0.5,True
17,1,after_update,agent_003,Medium Risk,1.0,0.8,0.1,0.6667,0.6667,0.5,True
17,1,after_update,agent_004,Medium Risk,1.0,0.0,1.0,0.4,0.5,0.4,False
17,1,after_update,agent_005,Medium Risk,1.0,0.8,0.1,0.6667,0.6667,0.5,True
17,1,after_update,agent_006,Medium Risk,1.0,0.8,0.1,0.6667,0.6667,0.5,True
17,2,after_update,agent_001,Medium Risk,1.0,1.0,0.1,0.6667,0.6667,0.5,True
17,2,after_update,agent_002,Medium Risk,1.0,1.0,0.1,0.6667,0.6667,0.5,True
17,2,after_update,agent_003,Medium Risk,1.0,1.0,0.1,0.6667,0.6667,0.5,True
17,2,after_update,agent_005,Medium Risk,1.0,1.0,0.1,0.6667,0.6667,0.5,True
17,2,after_update,agent_006,Medium Risk,1.0,1.0,0.1,0.6667,0.6667,0.5,True
17,3,after_update,agent_001,Medium Risk,1.0,1.0,0.1,0.6667,0.6667,0.5,True
17,3,after_update,agent_002,Medium Risk,1.0,1.0,0.1,0.6667,0.6667,0.5,True
17,3,after_update,agent_003,Medium Risk,1.0,1.0,0.1,0.6667,0.6667,0.5,True
17,3,after_update,agent_005,Medium Risk,1.0,1.0,0.1,0.6667,0.6667,0.5,True
17,3,after_update,agent_006,Medium Risk,1.0,1.0,0.1,0.6667,0.6667,0.5,True
18,1,after_update,agent_001,Low Risk,1.0,0.8,1.0,0.4,0.4,0.4,False
18,1,after_update,agent_002,Medium Risk,1.0,0.0,1.0,0.4,0.5,0.4,False
18,1,after_update,agent_003,Low Risk,1.0,0.8,1.0,0.4,0.4,0.4,False
18,1,after_update,agent_004,Low Risk,1.0,0.8,1.0,0.4,0.4,0.4,False
18,1,after_update,agent_005,Low Risk,1.0,0.8,1.0,0.4,0.4,0.4,False
18,1,after_update,agent_006,Low Risk,1.0,0.8,1.0,0.4,0.4,0.4,False
18,2,after_update,agent_001,Low Risk,1.0,1.0,1.0,0.4,0.4,0.4,False
18,2,after_update,agent_003,Low Risk,1.0,1.0,1.0,0.4,0.4,0.4,False
18,2,after_update,agent_004,Low Risk,1.0,1.0,1.0,0.4,0.4,0.4,False
18,2,after_update,agent_005,Low Risk,1.0,1.0,1.0,0.4,0.4,0.4,False
18,2,after_update,agent_006,Low Risk,1.0,1.0,1.0,0.4,0.4,0.4,False
18,3,after_update,agent_001,Low Risk,1.0,1.0,1.0,0.4,0.4,0.4,False
18,3,after_update,agent_003,Low Risk,1.0,1.0,1.0,0.4,0.4,0.4,False
18,3,after_update,agent_004,Low Risk,1.0,1.0,1.0,0.4,0.4,0.4,False
18,3,after_update,agent_005,Low Risk,1.0,1.0,1.0,0.4,0.4,0.4,False
18,3,after_update,agent_006,Low Risk,1.0,1.0,1.0,0.4,0.4,0.4,False
19,1,after_update,agent_001,Low Risk,1.0,0.8,1.0,0.4,0.4,0.4,False
19,1,after_update,agent_002,Low Risk,1.0,0.8,1.0,0.4,0.4,0.4,False
19,1,after_update,agent_003,Low Risk,1.0,0.8,1.0,0.4,0.4,0.4,False
19,1,after_update,agent_004,Low Risk,1.0,0.8,1.0,0.4,0.4,0.4,False
19,1,after_update,agent_005,Medium Risk,1.0,0.0,1.0,0.4,0.5,0.4,False
19,1,after_update,agent_006,Low Risk,1.0,0.8,1.0,0.4,0.4,0.4,False
19,2,after_update,agent_001,Low Risk,1.0,1.0,1.0,0.4,0.4,0.4,False
19,2,after_update,agent_002,Low Risk,1.0,1.0,1.0,0.4,0.4,0.4,False
19,2,after_update,agent_003,Low Risk,1.0,1.0,1.0,0.4,0.4,0.4,False
19,2,after_update,agent_004,Low Risk,1.0,1.0,1.0,0.4,0.4,0.4,False
19,2,after_update,agent_006,Low Risk,1.0,1.0,1.0,0.4,0.4,0.4,False
19,3,after_update,agent_001,Low Risk,1.0,0.75,1.0,0.4,0.4,0.4,False
19,3,after_update,agent_002,Low Risk,1.0,0.75,1.0,0.4,0.4,0.4,False
19,3,after_update,agent_003,Medium Risk,1.0,0.0,1.0,0.4,0.5,0.4,False
19,3,after_update,agent_004,Low Risk,1.0,0.75,1.0,0.4,0.4,0.4,False
19,3,after_update,agent_006,Low Risk,1.0,0.75,1.0,0.4,0.4,0.4,False
20,1,after_update,agent_001,Low Risk,1.0,1.0,1.0,0.4,0.4,0.4,False
20,1,after_update,agent_002,Low Risk,1.0,1.0,1.0,0.4,0.4,0.4,False
20,1,after_update,agent_003,Low Risk,1.0,1.0,1.0,0.4,0.4,0.4,False
20,1,after_update,agent_004,Low Risk,1.0,1.0,1.0,0.4,0.4,0.4,False
20,1,after_update,agent_005,Low Risk,1.0,1.0,1.0,0.4,0.4,0.4,False
20,1,after_update,agent_006,Low Risk,1.0,1.0,1.0,0.4,0.4,0.4,False
20,2,after_update,agent_001,Low Risk,1.0,1.0,1.0,0.4,0.4,0.4,False
20,2,after_update,agent_002,Low Risk,1.0,1.0,1.0,0.4,0.4,0.4,False
20,2,after_update,agent_003,Low Risk,1.0,1.0,1.0,0.4,0.4,0.4,False
20,2,after_update,agent_004,Low Risk,1.0,1.0,1.0,0.4,0.4,0.4,False
20,2,after_update,agent_005,Low Risk,1.0,1.0,1.0,0.4,0.4,0.4,False
20,2,after_update,agent_006,Low Risk,1.0,1.0,1.0,0.4,0.4,0.4,False
20,3,after_update,agent_001,Low Risk,1.0,1.0,1.0,0.4,0.4,0.4,False
20,3,after_update,agent_002,Low Risk,1.0,1.0,1.0,0.4,0.4,0.4,False
20,3,after_update,agent_003,Low Risk,1.0,1.0,1.0,0.4,0.4,0.4,False
20,3,after_update,agent_004,Low Risk,1.0,1.0,1.0,0.4,0.4,0.4,False
20,3,after_update,agent_005,Low Risk,1.0,1.0,1.0,0.4,0.4,0.4,False
20,3,after_update,agent_006,Low Risk,1.0,1.0,1.0,0.4,0.4,0.4,False
21,1,after_update,agent_001,Medium Risk,1.0,0.8,0.1,0.6667,0.6667,0.5,True
21,1,after_update,agent_002,Medium Risk,1.0,0.8,0.1,0.6667,0.6667,0.5,True
21,1,after_update,agent_003,Medium Risk,1.0,0.8,0.1,0.6667,0.6667,0.5,True
21,1,after_update,agent_004,Medium Risk,1.0,0.8,0.1,0.6667,0.6667,0.5,True
21,1,after_update,agent_005,Medium Risk,1.0,0.8,0.1,0.6667,0.6667,0.5,True
21,1,after_update,agent_006,Medium Risk,1.0,0.0,1.0,0.4,0.5,0.4,False
21,2,after_update,agent_001,Medium Risk,1.0,1.0,0.1,0.6667,0.6667,0.5,True
21,2,after_update,agent_002,Medium Risk,1.0,1.0,0.1,0.6667,0.6667,0.5,True
21,2,after_update,agent_003,Medium Risk,1.0,1.0,0.1,0.6667,0.6667,0.5,True
21,2,after_update,agent_004,Medium Risk,1.0,1.0,0.1,0.6667,0.6667,0.5,True
21,2,after_update,agent_005,Medium Risk,1.0,1.0,0.1,0.6667,0.6667,0.5,True
21,3,after_update,agent_001,Medium Risk,1.0,0.75,0.1,0.6667,0.6667,0.5,True
21,3,after_update,agent_002,Medium Risk,1.0,0.75,0.1,0.6667,0.6667,0.5,True
21,3,after_update,agent_003,Medium Risk,1.0,0.75,0.1,0.6667,0.6667,0.5,True
21,3,after_update,agent_004,Medium Risk,1.0,0.75,0.1,0.6667,0.6667,0.5,True
21,3,after_update,agent_005,Medium Risk,1.0,0.0,0.4689,0.5,0.3333,0.3333,False
22,1,after_update,agent_001,Low Risk,1.0,1.0,1.0,0.4,0.4,0.4,False
22,1,after_update,agent_002,Low Risk,1.0,1.0,1.0,0.4,0.4,0.4,False
22,1,after_update,agent_003,Low Risk,1.0,1.0,1.0,0.4,0.4,0.4,False
22,1,after_update,agent_004,Low Risk,1.0,1.0,1.0,0.4,0.4,0.4,False
22,1,after_update,agent_005,Low Risk,1.0,1.0,1.0,0.4,0.4,0.4,False
22,1,after_update,agent_006,Low Risk,1.0,1.0,1.0,0.4,0.4,0.4,False
22,2,after_update,agent_001,Medium Risk,1.0,0.0,1.0,0.4,0.5,0.4,False
22,2,after_update,agent_002,Low Risk,1.0,0.8,1.0,0.4,0.4,0.4,False
22,2,after_update,agent_003,Low Risk,1.0,0.8,1.0,0.4,0.4,0.4,False
22,2,after_update,agent_004,Low Risk,1.0,0.8,1.0,0.4,0.4,0.4,False
22,2,after_update,agent_005,Low Risk,1.0,0.8,1.0,0.4,0.4,0.4,False
22,2,after_update,agent_006,Low Risk,1.0,0.8,1.0,0.4,0.4,0.4,False
22,3,after_update,agent_002,Low Risk,1.0,1.0,1.0,0.4,0.4,0.4,False
22,3,after_update,agent_003,Low Risk,1.0,1.0,1.0,0.4,0.4,0.4,False
22,3,after_update,agent_004,Low Risk,1.0,1.0,1.0,0.4,0.4,0.4,False
22,3,after_update,agent_005,Low Risk,1.0,1.0,1.0,0.4,0.4,0.4,False
22,3,after_update,agent_006,Low Risk,1.0,1.0,1.0,0.4,0.4,0.4,False
23,1,after_update,agent_001,Low Risk,1.0,1.0,1.0,0.4,0.4,0.4,False
23,1,after_update,agent_002,Low Risk,1.0,1.0,1.0,0.4,0.4,0.4,False
23,1,after_update,agent_003,Low Risk,1.0,1.0,1.0,0.4,0.4,0.4,False
23,1,after_update,agent_004,Low Risk,1.0,1.0,1.0,0.4,0.4,0.4,False
23,1,after_update,agent_005,Low Risk,1.0,1.0,1.0,0.4,0.4,0.4,False
23,1,after_update,agent_006,Low Risk,1.0,1.0,1.0,0.4,0.4,0.4,False
23,2,after_update,agent_001,Low Risk,1.0,1.0,1.0,0.4,0.4,0.4,False
23,2,after_update,agent_002,Low Risk,1.0,1.0,1.0,0.4,0.4,0.4,False
23,2,after_update,agent_003,Low Risk,1.0,1.0,1.0,0.4,0.4,0.4,False
23,2,after_update,agent_004,Low Risk,1.0,1.0,1.0,0.4,0.4,0.4,False
23,2,after_update,agent_005,Low Risk,1.0,1.0,1.0,0.4,0.4,0.4,False
23,2,after_update,agent_006,Low Risk,1.0,1.0,1.0,0.4,0.4,0.4,False
23,3,after_update,agent_001,Low Risk,1.0,0.8,1.0,0.4,0.4,0.4,False
23,3,after_update,agent_002,Low Risk,1.0,0.8,1.0,0.4,0.4,0.4,False
23,3,after_update,agent_003,Low Risk,1.0,0.8,1.0,0.4,0.4,0.4,False
23,3,after_update,agent_004,Low Risk,1.0,0.8,1.0,0.4,0.4,0.4,False
23,3,after_update,agent_005,Low Risk,1.0,0.8,1.0,0.4,0.4,0.4,False
23,3,after_update,agent_006,Medium Risk,1.0,0.0,1.0,0.4,0.5,0.4,False
24,1,after_update,agent_001,Low Risk,1.0,1.0,1.0,0.4,0.4,0.4,False
24,1,after_update,agent_002,Low Risk,1.0,1.0,1.0,0.4,0.4,0.4,False
24,1,after_update,agent_003,Low Risk,1.0,1.0,1.0,0.4,0.4,0.4,False
24,1,after_update,agent_004,Low Risk,1.0,1.0,1.0,0.4,0.4,0.4,False
24,1,after_update,agent_005,Low Risk,1.0,1.0,1.0,0.4,0.4,0.4,False
24,1,after_update,agent_006,Low Risk,1.0,1.0,1.0,0.4,0.4,0.4,False
24,2,after_update,agent_001,Low Risk,1.0,1.0,1.0,0.4,0.4,0.4,False
24,2,after_update,agent_002,Low Risk,1.0,1.0,1.0,0.4,0.4,0.4,False
24,2,after_update,agent_003,Low Risk,1.0,1.0,1.0,0.4,0.4,0.4,False
24,2,after_update,agent_004,Low Risk,1.0,1.0,1.0,0.4,0.4,0.4,False
24,2,after_update,agent_005,Low Risk,1.0,1.0,1.0,0.4,0.4,0.4,False
24,2,after_update,agent_006,Low Risk,1.0,1.0,1.0,0.4,0.4,0.4,False
24,3,after_update,agent_001,Low Risk,1.0,0.8,1.0,0.4,0.4,0.4,False
24,3,after_update,agent_002,Low Risk,1.0,0.8,1.0,0.4,0.4,0.4,False
24,3,after_update,agent_003,Low Risk,1.0,0.8,1.0,0.4,0.4,0.4,False
24,3,after_update,agent_004,Medium Risk,1.0,0.0,1.0,0.4,0.5,0.4,False
24,3,after_update,agent_005,Low Risk,1.0,0.8,1.0,0.4,0.4,0.4,False
24,3,after_update,agent_006,Low Risk,1.0,0.8,1.0,0.4,0.4,0.4,False
25,1,after_update,agent_001,Low Risk,1.0,0.8,1.0,0.4,0.4,0.4,False
25,1,after_update,agent_002,Low Risk,1.0,0.8,1.0,0.4,0.4,0.4,False
25,1,after_update,agent_003,Medium Risk,1.0,0.0,1.0,0.4,0.5,0.4,False
25,1,after_update,agent_004,Low Risk,1.0,0.8,1.0,0.4,0.4,0.4,False
25,1,after_update,agent_005,Low Risk,1.0,0.8,1.0,0.4,0.4,0.4,False
25,1,after_update,agent_006,Low Risk,1.0,0.8,1.0,0.4,0.4,0.4,False
25,2,after_update,agent_001,Low Risk,1.0,0.75,1.0,0.4,0.4,0.4,False
25,2,after_update,agent_002,Low Risk,1.0,0.75,1.0,0.4,0.4,0.4,False
25,2,after_update,agent_004,Medium Risk,1.0,0.0,1.0,0.4,0.5,0.4,False
25,2,after_update,agent_005,Low Risk,1.0,0.75,1.0,0.4,0.4,0.4,False
25,2,after_update,agent_006,Low Risk,1.0,0.75,1.0,0.4,0.4,0.4,False
25,3,after_update,agent_001,Low Risk,1.0,1.0,1.0,0.4,0.4,0.4,False
25,3,after_update,agent_002,Low Risk,1.0,1.0,1.0,0.4,0.4,0.4,False
25,3,after_update,agent_005,Low Risk,1.0,1.0,1.0,0.4,0.4,0.4,False
25,3,after_update,agent_006,Low Risk,1.0,1.0,1.0,0.4,0.4,0.4,False
26,1,after_update,agent_001,Low Risk,1.0,1.0,1.0,0.4,0.4,0.4,False
26,1,after_update,agent_002,Low Risk,1.0,1.0,1.0,0.4,0.4,0.4,False
26,1,after_update,agent_003,Low Risk,1.0,1.0,1.0,0.4,0.4,0.4,False
26,1,after_update,agent_004,Low Risk,1.0,1.0,1.0,0.4,0.4,0.4,False
26,1,after_update,agent_005,Low Risk,1.0,1.0,1.0,0.4,0.4,0.4,False
26,1,after_update,agent_006,Low Risk,1.0,1.0,1.0,0.4,0.4,0.4,False
26,2,after_update,agent_001,Low Risk,1.0,0.8,1.0,0.4,0.4,0.4,False
26,2,after_update,agent_002,Low Risk,1.0,0.8,1.0,0.4,0.4,0.4,False
26,2,after_update,agent_003,Low Risk,1.0,0.8,1.0,0.4,0.4,0.4,False
26,2,after_update,agent_004,Medium Risk,1.0,0.0,1.0,0.4,0.5,0.4,False
26,2,after_update,agent_005,Low Risk,1.0,0.8,1.0,0.4,0.4,0.4,False
26,2,after_update,agent_006,Low Risk,1.0,0.8,1.0,0.4,0.4,0.4,False
26,3,after_update,agent_001,Low Risk,1.0,1.0,1.0,0.4,0.4,0.4,False
26,3,after_update,agent_002,Low Risk,1.0,1.0,1.0,0.4,0.4,0.4,False
26,3,after_update,agent_003,Low Risk,1.0,1.0,1.0,0.4,0.4,0.4,False
26,3,after_update,agent_005,Low Risk,1.0,1.0,1.0,0.4,0.4,0.4,False
26,3,after_update,agent_006,Low Risk,1.0,1.0,1.0,0.4,0.4,0.4,False
27,1,after_update,agent_001,Low Risk,1.0,1.0,1.0,0.4,0.4,0.4,False
27,1,after_update,agent_002,Low Risk,1.0,1.0,1.0,0.4,0.4,0.4,False
27,1,after_update,agent_003,Low Risk,1.0,1.0,1.0,0.4,0.4,0.4,False
27,1,after_update,agent_004,Low Risk,1.0,1.0,1.0,0.4,0.4,0.4,False
27,1,after_update,agent_005,Low Risk,1.0,1.0,1.0,0.4,0.4,0.4,False
27,1,after_update,agent_006,Low Risk,1.0,1.0,1.0,0.4,0.4,0.4,False
27,2,after_update,agent_001,Medium Risk,1.0,0.0,1.0,0.4,0.5,0.4,False
27,2,after_update,agent_002,Low Risk,1.0,0.8,1.0,0.4,0.4,0.4,False
27,2,after_update,agent_003,Low Risk,1.0,0.8,1.0,0.4,0.4,0.4,False
27,2,after_update,agent_004,Low Risk,1.0,0.8,1.0,0.4,0.4,0.4,False
27,2,after_update,agent_005,Low Risk,1.0,0.8,1.0,0.4,0.4,0.4,False
27,2,after_update,agent_006,Low Risk,1.0,0.8,1.0,0.4,0.4,0.4,False
27,3,after_update,agent_002,Medium Risk,1.0,0.0,1.0,0.4,0.5,0.4,False
27,3,after_update,agent_003,Low Risk,1.0,0.75,1.0,0.4,0.4,0.4,False
27,3,after_update,agent_004,Low Risk,1.0,0.75,1.0,0.4,0.4,0.4,False
27,3,after_update,agent_005,Low Risk,1.0,0.75,1.0,0.4,0.4,0.4,False
27,3,after_update,agent_006,Low Risk,1.0,0.75,1.0,0.4,0.4,0.4,False
28,1,after_update,agent_001,Low Risk,1.0,0.8,1.0,0.4,0.4,0.4,False
28,1,after_update,agent_002,Low Risk,1.0,0.8,1.0,0.4,0.4,0.4,False
28,1,after_update,agent_003,Low Risk,1.0,0.8,1.0,0.4,0.4,0.4,False
28,1,after_update,agent_004,Low Risk,1.0,0.8,1.0,0.4,0.4,0.4,False
28,1,after_update,agent_005,Medium Risk,1.0,0.0,1.0,0.4,0.5,0.4,False
28,1,after_update,agent_006,Low Risk,1.0,0.8,1.0,0.4,0.4,0.4,False
28,2,after_update,agent_001,Low Risk,1.0,1.0,1.0,0.4,0.4,0.4,False
28,2,after_update,agent_002,Low Risk,1.0,1.0,1.0,0.4,0.4,0.4,False
28,2,after_update,agent_003,Low Risk,1.0,1.0,1.0,0.4,0.4,0.4,False
28,2,after_update,agent_004,Low Risk,1.0,1.0,1.0,0.4,0.4,0.4,False
28,2,after_update,agent_006,Low Risk,1.0,1.0,1.0,0.4,0.4,0.4,False
28,3,after_update,agent_001,Low Risk,1.0,1.0,1.0,0.4,0.4,0.4,False
28,3,after_update,agent_002,Low Risk,1.0,1.0,1.0,0.4,0.4,0.4,False
28,3,after_update,agent_003,Low Risk,1.0,1.0,1.0,0.4,0.4,0.4,False
28,3,after_update,agent_004,Low Risk,1.0,1.0,1.0,0.4,0.4,0.4,False
28,3,after_update,agent_006,Low Risk,1.0,1.0,1.0,0.4,0.4,0.4,False
29,1,after_update,agent_001,Medium Risk,1.0,1.0,0.1,0.6667,0.6667,0.5,True
29,1,after_update,agent_002,Medium Risk,1.0,1.0,0.1,0.6667,0.6667,0.5,True
29,1,after_update,agent_003,Medium Risk,1.0,1.0,0.1,0.6667,0.6667,0.5,True
29,1,after_update,agent_004,Medium Risk,1.0,1.0,0.1,0.6667,0.6667,0.5,True
29,1,after_update,agent_005,Medium Risk,1.0,1.0,0.1,0.6667,0.6667,0.5,True
29,1,after_update,agent_006,Medium Risk,1.0,1.0,0.1,0.6667,0.6667,0.5,True
29,2,after_update,agent_001,Medium Risk,1.0,1.0,0.1,0.6667,0.6667,0.5,True
29,2,after_update,agent_002,Medium Risk,1.0,1.0,0.1,0.6667,0.6667,0.5,True
29,2,after_update,agent_003,Medium Risk,1.0,1.0,0.1,0.6667,0.6667,0.5,True
29,2,after_update,agent_004,Medium Risk,1.0,1.0,0.1,0.6667,0.6667,0.5,True
29,2,after_update,agent_005,Medium Risk,1.0,1.0,0.1,0.6667,0.6667,0.5,True
29,2,after_update,agent_006,Medium Risk,1.0,1.0,0.1,0.6667,0.6667,0.5,True
29,3,after_update,agent_001,Medium Risk,1.0,1.0,0.1,0.6667,0.6667,0.5,True
29,3,after_update,agent_002,Medium Risk,1.0,1.0,0.1,0.6667,0.6667,0.5,True
29,3,after_update,agent_003,Medium Risk,1.0,1.0,0.1,0.6667,0.6667,0.5,True
29,3,after_update,agent_004,Medium Risk,1.0,1.0,0.1,0.6667,0.6667,0.5,True
29,3,after_update,agent_005,Medium Risk,1.0,1.0,0.1,0.6667,0.6667,0.5,True
29,3,after_update,agent_006,Medium Risk,1.0,1.0,0.1,0.6667,0.6667,0.5,True
30,1,after_update,agent_001,Medium Risk,1.0,0.0,1.0,0.4,0.5,0.4,False
30,1,after_update,agent_002,Medium Risk,1.0,0.8,0.1,0.6667,0.6667,0.5,True
30,1,after_update,agent_003,Medium Risk,1.0,0.8,0.1,0.6667,0.6667,0.5,True
30,1,after_update,agent_004,Medium Risk,1.0,0.8,0.1,0.6667,0.6667,0.5,True
30,1,after_update,agent_005,Medium Risk,1.0,0.8,0.1,0.6667,0.6667,0.5,True
30,1,after_update,agent_006,Medium Risk,1.0,0.8,0.1,0.6667,0.6667,0.5,True
30,2,after_update,agent_002,Medium Risk,1.0,1.0,0.1,0.6667,0.6667,0.5,True
30,2,after_update,agent_003,Medium Risk,1.0,1.0,0.1,0.6667,0.6667,0.5,True
30,2,after_update,agent_004,Medium Risk,1.0,1.0,0.1,0.6667,0.6667,0.5,True
30,2,after_update,agent_005,Medium Risk,1.0,1.0,0.1,0.6667,0.6667,0.5,True
30,2,after_update,agent_006,Medium Risk,1.0,1.0,0.1,0.6667,0.6667,0.5,True
30,3,after_update,agent_002,Medium Risk,1.0,1.0,0.1,0.6667,0.6667,0.5,True
30,3,after_update,agent_003,Medium Risk,1.0,1.0,0.1,0.6667,0.6667,0.5,True
30,3,after_update,agent_004,Medium Risk,1.0,1.0,0.1,0.6667,0.6667,0.5,True
30,3,after_update,agent_005,Medium Risk,1.0,1.0,0.1,0.6667,0.6667,0.5,True
30,3,after_update,agent_006,Medium Risk,1.0,1.0,0.1,0.6667,0.6667,0.5,True
31,1,after_update,agent_001,Medium Risk,1.0,1.0,0.1,0.6667,0.6667,0.5,True
31,1,after_update,agent_002,Medium Risk,1.0,1.0,0.1,0.6667,0.6667,0.5,True
31,1,after_update,agent_003,Medium Risk,1.0,1.0,0.1,0.6667,0.6667,0.5,True
31,1,after_update,agent_004,Medium Risk,1.0,1.0,0.1,0.6667,0.6667,0.5,True
31,1,after_update,agent_005,Medium Risk,1.0,1.0,0.1,0.6667,0.6667,0.5,True
31,1,after_update,agent_006,Medium Risk,1.0,1.0,0.1,0.6667,0.6667,0.5,True
31,2,after_update,agent_001,Medium Risk,1.0,1.0,0.1,0.6667,0.6667,0.5,True
31,2,after_update,agent_002,Medium Risk,1.0,1.0,0.1,0.6667,0.6667,0.5,True
31,2,after_update,agent_003,Medium Risk,1.0,1.0,0.1,0.6667,0.6667,0.5,True
31,2,after_update,agent_004,Medium Risk,1.0,1.0,0.1,0.6667,0.6667,0.5,True
31,2,after_update,agent_005,Medium Risk,1.0,1.0,0.1,0.6667,0.6667,0.5,True
31,2,after_update,agent_006,Medium Risk,1.0,1.0,0.1,0.6667,0.6667,0.5,True
31,3,after_update,agent_001,Medium Risk,1.0,0.8,0.1,0.6667,0.6667,0.5,True
31,3,after_update,agent_002,Medium Risk,1.0,0.8,0.1,0.6667,0.6667,0.5,True
31,3,after_update,agent_003,Medium Risk,1.0,0.0,0.4689,0.5,0.3333,0.3333,False
31,3,after_update,agent_004,Medium Risk,1.0,0.8,0.1,0.6667,0.6667,0.5,True
31,3,after_update,agent_005,Medium Risk,1.0,0.8,0.1,0.6667,0.6667,0.5,True
31,3,after_update,agent_006,Medium Risk,1.0,0.8,0.1,0.6667,0.6667,0.5,True
32,1,after_update,agent_001,Medium Risk,1.0,0.0,1.0,0.4,0.5,0.4,False
32,1,after_update,agent_002,High Risk,1.0,0.4,0.1,0.5,0.6,0.6,True
32,1,after_update,agent_003,Medium Risk,1.0,0.2,1.0,0.4,0.5,0.4,False
32,1,after_update,agent_004,High Risk,1.0,0.4,0.1,0.5,0.6,0.6,True
32,1,after_update,agent_005,High Risk,1.0,0.4,0.1,0.5,0.6,0.6,True
32,1,after_update,agent_006,Medium Risk,1.0,0.2,1.0,0.4,0.5,0.4,False
32,2,after_update,agent_003,Low Risk,1.0,1.0,1.0,0.4,0.4,0.4,False
32,2,after_update,agent_006,Low Risk,1.0,1.0,1.0,0.4,0.4,0.4,False
32,3,after_update,agent_003,Low Risk,1.0,1.0,1.0,0.4,0.4,0.4,False
32,3,after_update,agent_006,Low Risk,1.0,1.0,1.0,0.4,0.4,0.4,False
33,1,after_update,agent_001,Low Risk,1.0,1.0,1.0,0.4,0.4,0.4,False
33,1,after_update,agent_002,Low Risk,1.0,1.0,1.0,0.4,0.4,0.4,False
33,1,after_update,agent_003,Low Risk,1.0,1.0,1.0,0.4,0.4,0.4,False
33,1,after_update,agent_004,Low Risk,1.0,1.0,1.0,0.4,0.4,0.4,False
33,1,after_update,agent_005,Low Risk,1.0,1.0,1.0,0.4,0.4,0.4,False
33,1,after_update,agent_006,Low Risk,1.0,1.0,1.0,0.4,0.4,0.4,False
33,2,after_update,agent_001,Medium Risk,1.0,0.0,1.0,0.4,0.5,0.4,False
33,2,after_update,agent_002,Low Risk,1.0,0.8,1.0,0.4,0.4,0.4,False
33,2,after_update,agent_003,Low Risk,1.0,0.8,1.0,0.4,0.4,0.4,False
33,2,after_update,agent_004,Low Risk,1.0,0.8,1.0,0.4,0.4,0.4,False
33,2,after_update,agent_005,Low Risk,1.0,0.8,1.0,0.4,0.4,0.4,False
33,2,after_update,agent_006,Low Risk,1.0,0.8,1.0,0.4,0.4,0.4,False
33,3,after_update,agent_002,Low Risk,1.0,1.0,1.0,0.4,0.4,0.4,False
33,3,after_update,agent_003,Low Risk,1.0,1.0,1.0,0.4,0.4,0.4,False
33,3,after_update,agent_004,Low Risk,1.0,1.0,1.0,0.4,0.4,0.4,False
33,3,after_update,agent_005,Low Risk,1.0,1.0,1.0,0.4,0.4,0.4,False
33,3,after_update,agent_006,Low Risk,1.0,1.0,1.0,0.4,0.4,0.4,False
34,1,after_update,agent_001,Low Risk,1.0,1.0,1.0,0.4,0.4,0.4,False
34,1,after_update,agent_002,Low Risk,1.0,1.0,1.0,0.4,0.4,0.4,False
34,1,after_update,agent_003,Low Risk,1.0,1.0,1.0,0.4,0.4,0.4,False
34,1,after_update,agent_004,Low Risk,1.0,1.0,1.0,0.4,0.4,0.4,False
34,1,after_update,agent_005,Low Risk,1.0,1.0,1.0,0.4,0.4,0.4,False
34,1,after_update,agent_006,Low Risk,1.0,1.0,1.0,0.4,0.4,0.4,False
34,2,after_update,agent_001,Medium Risk,1.0,0.0,1.0,0.4,0.5,0.4,False
34,2,after_update,agent_002,Low Risk,1.0,0.8,1.0,0.4,0.4,0.4,False
34,2,after_update,agent_003,Low Risk,1.0,0.8,1.0,0.4,0.4,0.4,False
34,2,after_update,agent_004,Low Risk,1.0,0.8,1.0,0.4,0.4,0.4,False
34,2,after_update,agent_005,Low Risk,1.0,0.8,1.0,0.4,0.4,0.4,False
34,2,after_update,agent_006,Low Risk,1.0,0.8,1.0,0.4,0.4,0.4,False
34,3,after_update,agent_002,Low Risk,1.0,0.5,1.0,0.4,0.4,0.4,False
34,3,after_update,agent_003,Low Risk,1.0,0.5,1.0,0.4,0.4,0.4,False
34,3,after_update,agent_004,Low Risk,1.0,0.5,1.0,0.4,0.4,0.4,False
34,3,after_update,agent_005,Medium Risk,1.0,0.25,1.0,0.4,0.5,0.4,False
34,3,after_update,agent_006,Medium Risk,1.0,0.25,1.0,0.4,0.5,0.4,False
35,1,after_update,agent_001,Medium Risk,1.0,1.0,0.1,0.6667,0.6667,0.5,True
35,1,after_update,agent_002,Medium Risk,1.0,1.0,0.1,0.6667,0.6667,0.5,True
35,1,after_update,agent_003,Medium Risk,1.0,1.0,0.1,0.6667,0.6667,0.5,True
35,1,after_update,agent_004,Medium Risk,1.0,1.0,0.1,0.6667,0.6667,0.5,True
35,1,after_update,agent_005,Medium Risk,1.0,1.0,0.1,0.6667,0.6667,0.5,True
35,1,after_update,agent_006,Medium Risk,1.0,1.0,0.1,0.6667,0.6667,0.5,True
35,2,after_update,agent_001,High Risk,1.0,0.6,0.1,0.6667,0.6667,0.5,True
35,2,after_update,agent_002,High Risk,1.0,0.6,0.1,0.6667,0.6667,0.5,True
35,2,after_update,agent_003,Medium Risk,1.0,0.2,0.6,0.4,0.5,0.4,False
35,2,after_update,agent_004,High Risk,1.0,0.6,0.1,0.6667,0.6667,0.5,True
35,2,after_update,agent_005,Medium Risk,1.0,0.2,0.6,0.4,0.5,0.4,False
35,2,after_update,agent_006,High Risk,1.0,0.6,0.1,0.6667,0.6667,0.5,True
35,3,after_update,agent_001,Medium Risk,1.0,0.6667,0.1,0.6667,0.6667,0.5,True
35,3,after_update,agent_002,Medium Risk,1.0,0.6667,0.1,0.6667,0.6667,0.5,True
35,3,after_update,agent_004,Medium Risk,1.0,0.0,0.4689,0.5,0.3333,0.3333,False
35,3,after_update,agent_006,Medium Risk,1.0,0.6667,0.1,0.6667,0.6667,0.5,True
36,1,after_update,agent_001,Low Risk,1.0,1.0,1.0,0.4,0.4,0.4,False
36,1,after_update,agent_002,Low Risk,1.0,1.0,1.0,0.4,0.4,0.4,False
36,1,after_update,agent_003,Low Risk,1.0,1.0,1.0,0.4,0.4,0.4,False
36,1,after_update,agent_004,Low Risk,1.0,1.0,1.0,0.4,0.4,0.4,False
36,1,after_update,agent_005,Low Risk,1.0,1.0,1.0,0.4,0.4,0.4,False
36,1,after_update,agent_006,Low Risk,1.0,1.0,1.0,0.4,0.4,0.4,False
36,2,after_update,agent_001,Low Risk,1.0,0.8,1.0,0.4,0.4,0.4,False
36,2,after_update,agent_002,Low Risk,1.0,0.8,1.0,0.4,0.4,0.4,False
36,2,after_update,agent_003,Low Risk,1.0,0.8,1.0,0.4,0.4,0.4,False
36,2,after_update,agent_004,Low Risk,1.0,0.8,1.0,0.4,0.4,0.4,False
36,2,after_update,agent_005,Low Risk,1.0,0.8,1.0,0.4,0.4,0.4,False
36,2,after_update,agent_006,Medium Risk,1.0,0.0,1.0,0.4,0.5,0.4,False
36,3,after_update,agent_001,Low Risk,1.0,1.0,1.0,0.4,0.4,0.4,False
36,3,after_update,agent_002,Low Risk,1.0,1.0,1.0,0.4,0.4,0.4,False
36,3,after_update,agent_003,Low Risk,1.0,1.0,1.0,0.4,0.4,0.4,False
36,3,after_update,agent_004,Low Risk,1.0,1.0,1.0,0.4,0.4,0.4,False
36,3,after_update,agent_005,Low Risk,1.0,1.0,1.0,0.4,0.4,0.4,False
37,1,after_update,agent_001,Low Risk,1.0,0.8,1.0,0.4,0.4,0.4,False
37,1,after_update,agent_002,Low Risk,1.0,0.8,1.0,0.4,0.4,0.4,False
37,1,after_update,agent_003,Low Risk,1.0,0.8,1.0,0.4,0.4,0.4,False
37,1,after_update,agent_004,Low Risk,1.0,0.8,1.0,0.4,0.4,0.4,False
37,1,after_update,agent_005,Low Risk,1.0,0.8,1.0,0.4,0.4,0.4,False
37,1,after_update,agent_006,Medium Risk,1.0,0.0,1.0,0.4,0.5,0.4,False
37,2,after_update,agent_001,Low Risk,1.0,1.0,1.0,0.4,0.4,0.4,False
37,2,after_update,agent_002,Low Risk,1.0,1.0,1.0,0.4,0.4,0.4,False
37,2,after_update,agent_003,Low Risk,1.0,1.0,1.0,0.4,0.4,0.4,False
37,2,after_update,agent_004,Low Risk,1.0,1.0,1.0,0.4,0.4,0.4,False
37,2,after_update,agent_005,Low Risk,1.0,1.0,1.0,0.4,0.4,0.4,False
37,3,after_update,agent_001,Low Risk,1.0,1.0,1.0,0.4,0.4,0.4,False
37,3,after_update,agent_002,Low Risk,1.0,1.0,1.0,0.4,0.4,0.4,False
37,3,after_update,agent_003,Low Risk,1.0,1.0,1.0,0.4,0.4,0.4,False
37,3,after_update,agent_004,Low Risk,1.0,1.0,1.0,0.4,0.4,0.4,False
37,3,after_update,agent_005,Low Risk,1.0,1.0,1.0,0.4,0.4,0.4,False
38,1,after_update,agent_001,Medium Risk,1.0,0.0,1.0,0.4,0.5,0.4,False
38,1,after_update,agent_002,Low Risk,1.0,0.8,1.0,0.4,0.4,0.4,False
38,1,after_update,agent_003,Low Risk,1.0,0.8,1.0,0.4,0.4,0.4,False
38,1,after_update,agent_004,Low Risk,1.0,0.8,1.0,0.4,0.4,0.4,False
38,1,after_update,agent_005,Low Risk,1.0,0.8,1.0,0.4,0.4,0.4,False
38,1,after_update,agent_006,Low Risk,1.0,0.8,1.0,0.4,0.4,0.4,False
38,2,after_update,agent_002,Low Risk,1.0,1.0,1.0,0.4,0.4,0.4,False
38,2,after_update,agent_003,Low Risk,1.0,1.0,1.0,0.4,0.4,0.4,False
38,2,after_update,agent_004,Low Risk,1.0,1.0,1.0,0.4,0.4,0.4,False
38,2,after_update,agent_005,Low Risk,1.0,1.0,1.0,0.4,0.4,0.4,False
38,2,after_update,agent_006,Low Risk,1.0,1.0,1.0,0.4,0.4,0.4,False
38,3,after_update,agent_002,Low Risk,1.0,0.5,1.0,0.4,0.4,0.4,False
38,3,after_update,agent_003,Low Risk,1.0,0.5,1.0,0.4,0.4,0.4,False
38,3,after_update,agent_004,Low Risk,1.0,0.5,1.0,0.4,0.4,0.4,False
38,3,after_update,agent_005,Medium Risk,1.0,0.25,1.0,0.4,0.5,0.4,False
38,3,after_update,agent_006,Medium Risk,1.0,0.25,1.0,0.4,0.5,0.4,False
39,1,after_update,agent_001,Low Risk,1.0,0.8,1.0,0.4,0.4,0.4,False
39,1,after_update,agent_002,Low Risk,1.0,0.8,1.0,0.4,0.4,0.4,False
39,1,after_update,agent_003,Low Risk,1.0,0.8,1.0,0.4,0.4,0.4,False
39,1,after_update,agent_004,Medium Risk,1.0,0.0,1.0,0.4,0.5,0.4,False
39,1,after_update,agent_005,Low Risk,1.0,0.8,1.0,0.4,0.4,0.4,False
39,1,after_update,agent_006,Low Risk,1.0,0.8,1.0,0.4,0.4,0.4,False
39,2,after_update,agent_001,Low Risk,1.0,0.75,1.0,0.4,0.4,0.4,False
39,2,after_update,agent_002,Low Risk,1.0,0.75,1.0,0.4,0.4,0.4,False
39,2,after_update,agent_003,Low Risk,1.0,0.75,1.0,0.4,0.4,0.4,False
39,2,after_update,agent_005,Medium Risk,1.0,0.0,1.0,0.4,0.5,0.4,False
39,2,after_update,agent_006,Low Risk,1.0,0.75,1.0,0.4,0.4,0.4,False
39,3,after_update,agent_001,Low Risk,1.0,1.0,1.0,0.4,0.4,0.4,False
39,3,after_update,agent_002,Low Risk,1.0,1.0,1.0,0.4,0.4,0.4,False
39,3,after_update,agent_003,Low Risk,1.0,1.0,1.0,0.4,0.4,0.4,False
39,3,after_update,agent_006,Low Risk,1.0,1.0,1.0,0.4,0.4,0.4,False
40,1,after_update,agent_001,High Risk,1.0,0.6,0.1,0.6667,0.6667,0.5,True
40,1,after_update,agent_002,High Risk,1.0,0.6,0.1,0.6667,0.6667,0.5,True
40,1,after_update,agent_003,Medium Risk,1.0,0.2,1.0,0.4,0.5,0.4,False
40,1,after_update,agent_004,High Risk,1.0,0.6,0.1,0.6667,0.6667,0.5,True
40,1,after_update,agent_005,High Risk,1.0,0.6,0.1,0.6667,0.6667,0.5,True
40,1,after_update,agent_006,Medium Risk,1.0,0.2,1.0,0.4,0.5,0.4,False
40,2,after_update,agent_003,Low Risk,1.0,1.0,1.0,0.4,0.4,0.4,False
40,2,after_update,agent_006,Low Risk,1.0,1.0,1.0,0.4,0.4,0.4,False
40,3,after_update,agent_003,Low Risk,1.0,1.0,1.0,0.4,0.4,0.4,False
40,3,after_update,agent_006,Low Risk,1.0,1.0,1.0,0.4,0.4,0.4,False
41,1,after_update,agent_001,Low Risk,1.0,1.0,1.0,0.4,0.4,0.4,False
41,1,after_update,agent_002,Low Risk,1.0,1.0,1.0,0.4,0.4,0.4,False
41,1,after_update,agent_003,Low Risk,1.0,1.0,1.0,0.4,0.4,0.4,False
41,1,after_update,agent_004,Low Risk,1.0,1.0,1.0,0.4,0.4,0.4,False
41,1,after_update,agent_005,Low Risk,1.0,1.0,1.0,0.4,0.4,0.4,False
41,1,after_update,agent_006,Low Risk,1.0,1.0,1.0,0.4,0.4,0.4,False
41,2,after_update,agent_001,Low Risk,1.0,1.0,1.0,0.4,0.4,0.4,False
41,2,after_update,agent_002,Low Risk,1.0,1.0,1.0,0.4,0.4,0.4,False
41,2,after_update,agent_003,Low Risk,1.0,1.0,1.0,0.4,0.4,0.4,False
41,2,after_update,agent_004,Low Risk,1.0,1.0,1.0,0.4,0.4,0.4,False
41,2,after_update,agent_005,Low Risk,1.0,1.0,1.0,0.4,0.4,0.4,False
41,2,after_update,agent_006,Low Risk,1.0,1.0,1.0,0.4,0.4,0.4,False
41,3,after_update,agent_001,Low Risk,1.0,0.6,1.0,0.4,0.4,0.4,False
41,3,after_update,agent_002,Medium Risk,1.0,0.2,1.0,0.4,0.5,0.4,False
41,3,after_update,agent_003,Low Risk,1.0,0.6,1.0,0.4,0.4,0.4,False
41,3,after_update,agent_004,Low Risk,1.0,0.6,1.0,0.4,0.4,0.4,False
41,3,after_update,agent_005,Low Risk,1.0,0.6,1.0,0.4,0.4,0.4,False
41,3,after_update,agent_006,Medium Risk,1.0,0.2,1.0,0.4,0.5,0.4,False
42,1,after_update,agent_001,Low Risk,1.0,0.8,1.0,0.4,0.4,0.4,False
42,1,after_update,agent_002,Low Risk,1.0,0.8,1.0,0.4,0.4,0.4,False
42,1,after_update,agent_003,Low Risk,1.0,0.8,1.0,0.4,0.4,0.4,False
42,1,after_update,agent_004,Medium Risk,1.0,0.0,1.0,0.4,0.5,0.4,False
42,1,after_update,agent_005,Low Risk,1.0,0.8,1.0,0.4,0.4,0.4,False
42,1,after_update,agent_006,Low Risk,1.0,0.8,1.0,0.4,0.4,0.4,False
42,2,after_update,agent_001,Low Risk,1.0,1.0,1.0,0.4,0.4,0.4,False
42,2,after_update,agent_002,Low Risk,1.0,1.0,1.0,0.4,0.4,0.4,False
42,2,after_update,agent_003,Low Risk,1.0,1.0,1.0,0.4,0.4,0.4,False
42,2,after_update,agent_005,Low Risk,1.0,1.0,1.0,0.4,0.4,0.4,False
42,2,after_update,agent_006,Low Risk,1.0,1.0,1.0,0.4,0.4,0.4,False
42,3,after_update,agent_001,Medium Risk,1.0,0.0,1.0,0.4,0.5,0.4,False
42,3,after_update,agent_002,Low Risk,1.0,0.75,1.0,0.4,0.4,0.4,False
42,3,after_update,agent_003,Low Risk,1.0,0.75,1.0,0.4,0.4,0.4,False
42,3,after_update,agent_005,Low Risk,1.0,0.75,1.0,0.4,0.4,0.4,False
42,3,after_update,agent_006,Low Risk,1.0,0.75,1.0,0.4,0.4,0.4,False
43,1,after_update,agent_001,Low Risk,1.0,1.0,1.0,0.4,0.4,0.4,False
43,1,after_update,agent_002,Low Risk,1.0,1.0,1.0,0.4,0.4,0.4,False
43,1,after_update,agent_003,Low Risk,1.0,1.0,1.0,0.4,0.4,0.4,False
43,1,after_update,agent_004,Low Risk,1.0,1.0,1.0,0.4,0.4,0.4,False
43,1,after_update,agent_005,Low Risk,1.0,1.0,1.0,0.4,0.4,0.4,False
43,1,after_update,agent_006,Low Risk,1.0,1.0,1.0,0.4,0.4,0.4,False
43,2,after_update,agent_001,Low Risk,1.0,0.8,1.0,0.4,0.4,0.4,False
43,2,after_update,agent_002,Low Risk,1.0,0.8,1.0,0.4,0.4,0.4,False
43,2,after_update,agent_003,Medium Risk,1.0,0.0,1.0,0.4,0.5,0.4,False
43,2,after_update,agent_004,Low Risk,1.0,0.8,1.0,0.4,0.4,0.4,False
43,2,after_update,agent_005,Low Risk,1.0,0.8,1.0,0.4,0.4,0.4,False
43,2,after_update,agent_006,Low Risk,1.0,0.8,1.0,0.4,0.4,0.4,False
43,3,after_update,agent_001,Low Risk,1.0,0.75,1.0,0.4,0.4,0.4,False
43,3,after_update,agent_002,Medium Risk,1.0,0.0,1.0,0.4,0.5,0.4,False
43,3,after_update,agent_004,Low Risk,1.0,0.75,1.0,0.4,0.4,0.4,False
43,3,after_update,agent_005,Low Risk,1.0,0.75,1.0,0.4,0.4,0.4,False
43,3,after_update,agent_006,Low Risk,1.0,0.75,1.0,0.4,0.4,0.4,False
44,1,after_update,agent_001,Low Risk,1.0,1.0,1.0,0.4,0.4,0.4,False
44,1,after_update,agent_002,Low Risk,1.0,1.0,1.0,0.4,0.4,0.4,False
44,1,after_update,agent_003,Low Risk,1.0,1.0,1.0,0.4,0.4,0.4,False
44,1,after_update,agent_004,Low Risk,1.0,1.0,1.0,0.4,0.4,0.4,False
44,1,after_update,agent_005,Low Risk,1.0,1.0,1.0,0.4,0.4,0.4,False
44,1,after_update,agent_006,Low Risk,1.0,1.0,1.0,0.4,0.4,0.4,False
44,2,after_update,agent_001,Low Risk,1.0,0.8,1.0,0.4,0.4,0.4,False
44,2,after_update,agent_002,Medium Risk,1.0,0.0,1.0,0.4,0.5,0.4,False
44,2,after_update,agent_003,Low Risk,1.0,0.8,1.0,0.4,0.4,0.4,False
44,2,after_update,agent_004,Low Risk,1.0,0.8,1.0,0.4,0.4,0.4,False
44,2,after_update,agent_005,Low Risk,1.0,0.8,1.0,0.4,0.4,0.4,False
44,2,after_update,agent_006,Low Risk,1.0,0.8,1.0,0.4,0.4,0.4,False
44,3,after_update,agent_001,Low Risk,1.0,0.75,1.0,0.4,0.4,0.4,False
44,3,after_update,agent_003,Low Risk,1.0,0.75,1.0,0.4,0.4,0.4,False
44,3,after_update,agent_004,Medium Risk,1.0,0.0,1.0,0.4,0.5,0.4,False
44,3,after_update,agent_005,Low Risk,1.0,0.75,1.0,0.4,0.4,0.4,False
44,3,after_update,agent_006,Low Risk,1.0,0.75,1.0,0.4,0.4,0.4,False
45,1,after_update,agent_001,Low Risk,1.0,1.0,1.0,0.4,0.4,0.4,False
45,1,after_update,agent_002,Low Risk,1.0,1.0,1.0,0.4,0.4,0.4,False
45,1,after_update,agent_003,Low Risk,1.0,1.0,1.0,0.4,0.4,0.4,False
45,1,after_update,agent_004,Low Risk,1.0,1.0,1.0,0.4,0.4,0.4,False
45,1,after_update,agent_005,Low Risk,1.0,1.0,1.0,0.4,0.4,0.4,False
45,1,after_update,agent_006,Low Risk,1.0,1.0,1.0,0.4,0.4,0.4,False
45,2,after_update,agent_001,Low Risk,1.0,0.8,1.0,0.4,0.4,0.4,False
45,2,after_update,agent_002,Low Risk,1.0,0.8,1.0,0.4,0.4,0.4,False
45,2,after_update,agent_003,Low Risk,1.0,0.8,1.0,0.4,0.4,0.4,False
45,2,after_update,agent_004,Medium Risk,1.0,0.0,1.0,0.4,0.5,0.4,False
45,2,after_update,agent_005,Low Risk,1.0,0.8,1.0,0.4,0.4,0.4,False
45,2,after_update,agent_006,Low Risk,1.0,0.8,1.0,0.4,0.4,0.4,False
45,3,after_update,agent_001,Low Risk,1.0,1.0,1.0,0.4,0.4,0.4,False
45,3,after_update,agent_002,Low Risk,1.0,1.0,1.0,0.4,0.4,0.4,False
45,3,after_update,agent_003,Low Risk,1.0,1.0,1.0,0.4,0.4,0.4,False
45,3,after_update,agent_005,Low Risk,1.0,1.0,1.0,0.4,0.4,0.4,False
45,3,after_update,agent_006,Low Risk,1.0,1.0,1.0,0.4,0.4,0.4,False
46,1,after_update,agent_001,High Risk,1.0,0.4,0.1,0.5,0.6,0.6,True
46,1,after_update,agent_002,Medium Risk,1.0,0.0,1.0,0.4,0.5,0.4,False
46,1,after_update,agent_003,High Risk,1.0,0.4,0.1,0.5,0.6,0.6,True
46,1,after_update,agent_004,High Risk,1.0,0.4,0.1,0.5,0.6,0.6,True
46,1,after_update,agent_005,Medium Risk,1.0,0.2,1.0,0.4,0.5,0.4,False
46,1,after_update,agent_006,Medium Risk,1.0,0.2,1.0,0.4,0.5,0.4,False
46,2,after_update,agent_005,Low Risk,1.0,1.0,1.0,0.4,0.4,0.4,False
46,2,after_update,agent_006,Low Risk,1.0,1.0,1.0,0.4,0.4,0.4,False
46,3,after_update,agent_005,Low Risk,1.0,1.0,1.0,0.4,0.4,0.4,False
46,3,after_update,agent_006,Low Risk,1.0,1.0,1.0,0.4,0.4,0.4,False
47,1,after_update,agent_001,Low Risk,1.0,0.6,1.0,0.4,0.4,0.4,False
47,1,after_update,agent_002,Low Risk,1.0,0.6,1.0,0.4,0.4,0.4,False
47,1,after_update,agent_003,Medium Risk,1.0,0.0,1.0,0.4,0.5,0.4,False
47,1,after_update,agent_004,Low Risk,1.0,0.6,1.0,0.4,0.4,0.4,False
47,1,after_update,agent_005,High Risk,1.0,0.0,0.1,0.5,0.6,0.6,True
47,1,after_update,agent_006,Low Risk,1.0,0.6,1.0,0.4,0.4,0.4,False
47,2,after_update,agent_001,Low Risk,1.0,1.0,1.0,0.4,0.4,0.4,False
47,2,after_update,agent_002,Low Risk,1.0,1.0,1.0,0.4,0.4,0.4,False
47,2,after_update,agent_004,Low Risk,1.0,1.0,1.0,0.4,0.4,0.4,False
47,2,after_update,agent_006,Low Risk,1.0,1.0,1.0,0.4,0.4,0.4,False
47,3,after_update,agent_001,Low Risk,1.0,0.6667,1.0,0.4,0.4,0.4,False
47,3,after_update,agent_002,Low Risk,1.0,0.6667,1.0,0.4,0.4,0.4,False
47,3,after_update,agent_004,Low Risk,1.0,0.6667,1.0,0.4,0.4,0.4,False
47,3,after_update,agent_006,Medium Risk,1.0,0.0,1.0,0.4,0.5,0.4,False
48,1,after_update,agent_001,Low Risk,1.0,1.0,1.0,0.4,0.4,0.4,False
48,1,after_update,agent_002,Low Risk,1.0,1.0,1.0,0.4,0.4,0.4,False
48,1,after_update,agent_003,Low Risk,1.0,1.0,1.0,0.4,0.4,0.4,False
48,1,after_update,agent_004,Low Risk,1.0,1.0,1.0,0.4,0.4,0.4,False
48,1,after_update,agent_005,Low Risk,1.0,1.0,1.0,0.4,0.4,0.4,False
48,1,after_update,agent_006,Low Risk,1.0,1.0,1.0,0.4,0.4,0.4,False
48,2,after_update,agent_001,Low Risk,1.0,0.8,1.0,0.4,0.4,0.4,False
48,2,after_update,agent_002,Medium Risk,1.0,0.0,1.0,0.4,0.5,0.4,False
48,2,after_update,agent_003,Low Risk,1.0,0.8,1.0,0.4,0.4,0.4,False
48,2,after_update,agent_004,Low Risk,1.0,0.8,1.0,0.4,0.4,0.4,False
48,2,after_update,agent_005,Low Risk,1.0,0.8,1.0,0.4,0.4,0.4,False
48,2,after_update,agent_006,Low Risk,1.0,0.8,1.0,0.4,0.4,0.4,False
48,3,after_update,agent_001,Low Risk,1.0,1.0,1.0,0.4,0.4,0.4,False
48,3,after_update,agent_003,Low Risk,1.0,1.0,1.0,0.4,0.4,0.4,False
48,3,after_update,agent_004,Low Risk,1.0,1.0,1.0,0.4,0.4,0.4,False
48,3,after_update,agent_005,Low Risk,1.0,1.0,1.0,0.4,0.4,0.4,False
48,3,after_update,agent_006,Low Risk,1.0,1.0,1.0,0.4,0.4,0.4,False
49,1,after_update,agent_001,Low Risk,1.0,1.0,1.0,0.4,0.4,0.4,False
49,1,after_update,agent_002,Low Risk,1.0,1.0,1.0,0.4,0.4,0.4,False
49,1,after_update,agent_003,Low Risk,1.0,1.0,1.0,0.4,0.4,0.4,False
49,1,after_update,agent_004,Low Risk,1.0,1.0,1.0,0.4,0.4,0.4,False
49,1,after_update,agent_005,Low Risk,1.0,1.0,1.0,0.4,0.4,0.4,False
49,1,after_update,agent_006,Low Risk,1.0,1.0,1.0,0.4,0.4,0.4,False
49,2,after_update,agent_001,Low Risk,1.0,1.0,1.0,0.4,0.4,0.4,False
49,2,after_update,agent_002,Low Risk,1.0,1.0,1.0,0.4,0.4,0.4,False
49,2,after_update,agent_003,Low Risk,1.0,1.0,1.0,0.4,0.4,0.4,False
49,2,after_update,agent_004,Low Risk,1.0,1.0,1.0,0.4,0.4,0.4,False
49,2,after_update,agent_005,Low Risk,1.0,1.0,1.0,0.4,0.4,0.4,False
49,2,after_update,agent_006,Low Risk,1.0,1.0,1.0,0.4,0.4,0.4,False
49,3,after_update,agent_001,Low Risk,1.0,0.8,1.0,0.4,0.4,0.4,False
49,3,after_update,agent_002,Low Risk,1.0,0.8,1.0,0.4,0.4,0.4,False
49,3,after_update,agent_003,Low Risk,1.0,0.8,1.0,0.4,0.4,0.4,False
49,3,after_update,agent_004,Low Risk,1.0,0.8,1.0,0.4,0.4,0.4,False
49,3,after_update,agent_005,Low Risk,1.0,0.8,1.0,0.4,0.4,0.4,False
49,3,after_update,agent_006,Medium Risk,1.0,0.0,1.0,0.4,0.5,0.4,False
50,1,after_update,agent_001,Low Risk,1.0,1.0,1.0,0.4,0.4,0.4,False
50,1,after_update,agent_002,Low Risk,1.0,1.0,1.0,0.4,0.4,0.4,False
50,1,after_update,agent_003,Low Risk,1.0,1.0,1.0,0.4,0.4,0.4,False
50,1,after_update,agent_004,Low Risk,1.0,1.0,1.0,0.4,0.4,0.4,False
50,1,after_update,agent_005,Low Risk,1.0,1.0,1.0,0.4,0.4,0.4,False
50,1,after_update,agent_006,Low Risk,1.0,1.0,1.0,0.4,0.4,0.4,False
50,2,after_update,agent_001,Low Risk,1.0,1.0,1.0,0.4,0.4,0.4,False
50,2,after_update,agent_002,Low Risk,1.0,1.0,1.0,0.4,0.4,0.4,False
50,2,after_update,agent_003,Low Risk,1.0,1.0,1.0,0.4,0.4,0.4,False
50,2,after_update,agent_004,Low Risk,1.0,1.0,1.0,0.4,0.4,0.4,False
50,2,after_update,agent_005,Low Risk,1.0,1.0,1.0,0.4,0.4,0.4,False
50,2,after_update,agent_006,Low Risk,1.0,1.0,1.0,0.4,0.4,0.4,False
50,3,after_update,agent_001,Low Risk,1.0,0.8,1.0,0.4,0.4,0.4,False
50,3,after_update,agent_002,Low Risk,1.0,0.8,1.0,0.4,0.4,0.4,False
50,3,after_update,agent_003,Medium Risk,1.0,0.0,1.0,0.4,0.5,0.4,False
50,3,after_update,agent_004,Low Risk,1.0,0.8,1.0,0.4,0.4,0.4,False
50,3,after_update,agent_005,Low Risk,1.0,0.8,1.0,0.4,0.4,0.4,False
50,3,after_update,agent_006,Low Risk,1.0,0.8,1.0,0.4,0.4,0.4,False
51,1,after_update,agent_001,Low Risk,1.0,0.8,1.0,0.4,0.4,0.4,False
51,1,after_update,agent_002,Low Risk,1.0,0.8,1.0,0.4,0.4,0.4,False
51,1,after_update,agent_003,Low Risk,1.0,0.8,1.0,0.4,0.4,0.4,False
51,1,after_update,agent_004,Low Risk,1.0,0.8,1.0,0.4,0.4,0.4,False
51,1,after_update,agent_005,Medium Risk,1.0,0.0,1.0,0.4,0.5,0.4,False
51,1,after_update,agent_006,Low Risk,1.0,0.8,1.0,0.4,0.4,0.4,False
51,2,after_update,agent_001,Low Risk,1.0,0.75,1.0,0.4,0.4,0.4,False
51,2,after_update,agent_002,Low Risk,1.0,0.75,1.0,0.4,0.4,0.4,False
51,2,after_update,agent_003,Low Risk,1.0,0.75,1.0,0.4,0.4,0.4,False
51,2,after_update,agent_004,Medium Risk,1.0,0.0,1.0,0.4,0.5,0.4,False
51,2,after_update,agent_006,Low Risk,1.0,0.75,1.0,0.4,0.4,0.4,False
51,3,after_update,agent_001,Low Risk,1.0,1.0,1.0,0.4,0.4,0.4,False
51,3,after_update,agent_002,Low Risk,1.0,1.0,1.0,0.4,0.4,0.4,False
51,3,after_update,agent_003,Low Risk,1.0,1.0,1.0,0.4,0.4,0.4,False
51,3,after_update,agent_006,Low Risk,1.0,1.0,1.0,0.4,0.4,0.4,False
52,1,after_update,agent_001,Medium Risk,1.0,1.0,0.1,0.6667,0.6667,0.5,True
52,1,after_update,agent_002,Medium Risk,1.0,1.0,0.1,0.6667,0.6667,0.5,True
52,1,after_update,agent_003,Medium Risk,1.0,1.0,0.1,0.6667,0.6667,0.5,True
52,1,after_update,agent_004,Medium Risk,1.0,1.0,0.1,0.6667,0.6667,0.5,True
52,1,after_update,agent_005,Medium Risk,1.0,1.0,0.1,0.6667,0.6667,0.5,True
52,1,after_update,agent_006,Medium Risk,1.0,1.0,0.1,0.6667,0.6667,0.5,True
52,2,after_update,agent_001,Medium Risk,1.0,0.8,0.1,0.6667,0.6667,0.5,True
52,2,after_update,agent_002,Medium Risk,1.0,0.0,0.6,0.4,0.5,0.4,False
52,2,after_update,agent_003,Medium Risk,1.0,0.8,0.1,0.6667,0.6667,0.5,True
52,2,after_update,agent_004,Medium Risk,1.0,0.8,0.1,0.6667,0.6667,0.5,True
52,2,after_update,agent_005,Medium Risk,1.0,0.8,0.1,0.6667,0.6667,0.5,True
52,2,after_update,agent_006,Medium Risk,1.0,0.8,0.1,0.6667,0.6667,0.5,True
52,3,after_update,agent_001,Medium Risk,1.0,1.0,0.1,0.6667,0.6667,0.5,True
52,3,after_update,agent_003,Medium Risk,1.0,1.0,0.1,0.6667,0.6667,0.5,True
52,3,after_update,agent_004,Medium Risk,1.0,1.0,0.1,0.6667,0.6667,0.5,True
52,3,after_update,agent_005,Medium Risk,1.0,1.0,0.1,0.6667,0.6667,0.5,True
52,3,after_update,agent_006,Medium Risk,1.0,1.0,0.1,0.6667,0.6667,0.5,True
53,1,after_update,agent_001,High Risk,1.0,0.4,0.1,0.5,0.6,0.6,True
53,1,after_update,agent_002,Medium Risk,1.0,0.4,1.0,0.4,0.5,0.4,False
53,1,after_update,agent_003,High Risk,1.0,0.4,0.1,0.5,0.6,0.6,True
53,1,after_update,agent_004,Medium Risk,1.0,0.4,1.0,0.4,0.5,0.4,False
53,1,after_update,agent_005,Medium Risk,1.0,0.4,1.0,0.4,0.5,0.4,False
53,1,after_update,agent_006,High Risk,1.0,0.4,0.1,0.5,0.6,0.6,True
53,2,after_update,agent_002,Low Risk,1.0,1.0,1.0,0.4,0.4,0.4,False
53,2,after_update,agent_004,Low Risk,1.0,1.0,1.0,0.4,0.4,0.4,False
53,2,after_update,agent_005,Low Risk,1.0,1.0,1.0,0.4,0.4,0.4,False
53,3,after_update,agent_002,Low Risk,1.0,1.0,1.0,0.4,0.4,0.4,False
53,3,after_update,agent_004,Low Risk,1.0,1.0,1.0,0.4,0.4,0.4,False
53,3,after_update,agent_005,Low Risk,1.0,1.0,1.0,0.4,0.4,0.4,False
54,1,after_update,agent_001,Low Risk,1.0,1.0,1.0,0.4,0.4,0.4,False
54,1,after_update,agent_002,Low Risk,1.0,1.0,1.0,0.4,0.4,0.4,False
54,1,after_update,agent_003,Low Risk,1.0,1.0,1.0,0.4,0.4,0.4,False
54,1,after_update,agent_004,Low Risk,1.0,1.0,1.0,0.4,0.4,0.4,False
54,1,after_update,agent_005,Low Risk,1.0,1.0,1.0,0.4,0.4,0.4,False
54,1,after_update,agent_006,Low Risk,1.0,1.0,1.0,0.4,0.4,0.4,False
54,2,after_update,agent_001,Low Risk,1.0,1.0,1.0,0.4,0.4,0.4,False
54,2,after_update,agent_002,Low Risk,1.0,1.0,1.0,0.4,0.4,0.4,False
54,2,after_update,agent_003,Low Risk,1.0,1.0,1.0,0.4,0.4,0.4,False
54,2,after_update,agent_004,Low Risk,1.0,1.0,1.0,0.4,0.4,0.4,False
54,2,after_update,agent_005,Low Risk,1.0,1.0,1.0,0.4,0.4,0.4,False
54,2,after_update,agent_006,Low Risk,1.0,1.0,1.0,0.4,0.4,0.4,False
54,3,after_update,agent_001,Low Risk,1.0,1.0,1.0,0.4,0.4,0.4,False
54,3,after_update,agent_002,Low Risk,1.0,1.0,1.0,0.4,0.4,0.4,False
54,3,after_update,agent_003,Low Risk,1.0,1.0,1.0,0.4,0.4,0.4,False
54,3,after_update,agent_004,Low Risk,1.0,1.0,1.0,0.4,0.4,0.4,False
54,3,after_update,agent_005,Low Risk,1.0,1.0,1.0,0.4,0.4,0.4,False
54,3,after_update,agent_006,Low Risk,1.0,1.0,1.0,0.4,0.4,0.4,False
55,1,after_update,agent_001,Low Risk,1.0,1.0,1.0,0.4,0.4,0.4,False
55,1,after_update,agent_002,Low Risk,1.0,1.0,1.0,0.4,0.4,0.4,False
55,1,after_update,agent_003,Low Risk,1.0,1.0,1.0,0.4,0.4,0.4,False
55,1,after_update,agent_004,Low Risk,1.0,1.0,1.0,0.4,0.4,0.4,False
55,1,after_update,agent_005,Low Risk,1.0,1.0,1.0,0.4,0.4,0.4,False
55,1,after_update,agent_006,Low Risk,1.0,1.0,1.0,0.4,0.4,0.4,False
55,2,after_update,agent_001,Low Risk,1.0,0.8,1.0,0.4,0.4,0.4,False
55,2,after_update,agent_002,Low Risk,1.0,0.8,1.0,0.4,0.4,0.4,False
55,2,after_update,agent_003,Low Risk,1.0,0.8,1.0,0.4,0.4,0.4,False
55,2,after_update,agent_004,Medium Risk,1.0,0.0,1.0,0.4,0.5,0.4,False
55,2,after_update,agent_005,Low Risk,1.0,0.8,1.0,0.4,0.4,0.4,False
55,2,after_update,agent_006,Low Risk,1.0,0.8,1.0,0.4,0.4,0.4,False
55,3,after_update,agent_001,Low Risk,1.0,1.0,1.0,0.4,0.4,0.4,False
55,3,after_update,agent_002,Low Risk,1.0,1.0,1.0,0.4,0.4,0.4,False
55,3,after_update,agent_003,Low Risk,1.0,1.0,1.0,0.4,0.4,0.4,False
55,3,after_update,agent_005,Low Risk,1.0,1.0,1.0,0.4,0.4,0.4,False
55,3,after_update,agent_006,Low Risk,1.0,1.0,1.0,0.4,0.4,0.4,False
56,1,after_update,agent_001,Low Risk,1.0,1.0,1.0,0.4,0.4,0.4,False
56,1,after_update,agent_002,Low Risk,1.0,1.0,1.0,0.4,0.4,0.4,False
56,1,after_update,agent_003,Low Risk,1.0,1.0,1.0,0.4,0.4,0.4,False
56,1,after_update,agent_004,Low Risk,1.0,1.0,1.0,0.4,0.4,0.4,False
56,1,after_update,agent_005,Low Risk,1.0,1.0,1.0,0.4,0.4,0.4,False
56,1,after_update,agent_006,Low Risk,1.0,1.0,1.0,0.4,0.4,0.4,False
56,2,after_update,agent_001,Low Risk,1.0,0.8,1.0,0.4,0.4,0.4,False
56,2,after_update,agent_002,Medium Risk,1.0,0.0,1.0,0.4,0.5,0.4,False
56,2,after_update,agent_003,Low Risk,1.0,0.8,1.0,0.4,0.4,0.4,False
56,2,after_update,agent_004,Low Risk,1.0,0.8,1.0,0.4,0.4,0.4,False
56,2,after_update,agent_005,Low Risk,1.0,0.8,1.0,0.4,0.4,0.4,False
56,2,after_update,agent_006,Low Risk,1.0,0.8,1.0,0.4,0.4,0.4,False
56,3,after_update,agent_001,Low Risk,1.0,0.75,1.0,0.4,0.4,0.4,False
56,3,after_update,agent_003,Low Risk,1.0,0.75,1.0,0.4,0.4,0.4,False
56,3,after_update,agent_004,Medium Risk,1.0,0.0,1.0,0.4,0.5,0.4,False
56,3,after_update,agent_005,Low Risk,1.0,0.75,1.0,0.4,0.4,0.4,False
56,3,after_update,agent_006,Low Risk,1.0,0.75,1.0,0.4,0.4,0.4,False
57,1,after_update,agent_001,Low Risk,1.0,0.8,1.0,0.4,0.4,0.4,False
57,1,after_update,agent_002,Medium Risk,1.0,0.0,1.0,0.4,0.5,0.4,False
57,1,after_update,agent_003,Low Risk,1.0,0.8,1.0,0.4,0.4,0.4,False
57,1,after_update,agent_004,Low Risk,1.0,0.8,1.0,0.4,0.4,0.4,False
57,1,after_update,agent_005,Low Risk,1.0,0.8,1.0,0.4,0.4,0.4,False
57,1,after_update,agent_006,Low Risk,1.0,0.8,1.0,0.4,0.4,0.4,False
57,2,after_update,agent_001,Low Risk,1.0,1.0,1.0,0.4,0.4,0.4,False
57,2,after_update,agent_003,Low Risk,1.0,1.0,1.0,0.4,0.4,0.4,False
57,2,after_update,agent_004,Low Risk,1.0,1.0,1.0,0.4,0.4,0.4,False
57,2,after_update,agent_005,Low Risk,1.0,1.0,1.0,0.4,0.4,0.4,False
57,2,after_update,agent_006,Low Risk,1.0,1.0,1.0,0.4,0.4,0.4,False
57,3,after_update,agent_001,Low Risk,1.0,0.75,1.0,0.4,0.4,0.4,False
57,3,after_update,agent_003,Low Risk,1.0,0.75,1.0,0.4,0.4,0.4,False
57,3,after_update,agent_004,Medium Risk,1.0,0.0,1.0,0.4,0.5,0.4,False
57,3,after_update,agent_005,Low Risk,1.0,0.75,1.0,0.4,0.4,0.4,False
57,3,after_update,agent_006,Low Risk,1.0,0.75,1.0,0.4,0.4,0.4,False
58,1,after_update,agent_001,Low Risk,1.0,1.0,1.0,0.4,0.4,0.4,False
58,1,after_update,agent_002,Low Risk,1.0,1.0,1.0,0.4,0.4,0.4,False
58,1,after_update,agent_003,Low Risk,1.0,1.0,1.0,0.4,0.4,0.4,False
58,1,after_update,agent_004,Low Risk,1.0,1.0,1.0,0.4,0.4,0.4,False
58,1,after_update,agent_005,Low Risk,1.0,1.0,1.0,0.4,0.4,0.4,False
58,1,after_update,agent_006,Low Risk,1.0,1.0,1.0,0.4,0.4,0.4,False
58,2,after_update,agent_001,Low Risk,1.0,0.8,1.0,0.4,0.4,0.4,False
58,2,after_update,agent_002,Low Risk,1.0,0.8,1.0,0.4,0.4,0.4,False
58,2,after_update,agent_003,Low Risk,1.0,0.8,1.0,0.4,0.4,0.4,False
58,2,after_update,agent_004,Medium Risk,1.0,0.0,1.0,0.4,0.5,0.4,False
58,2,after_update,agent_005,Low Risk,1.0,0.8,1.0,0.4,0.4,0.4,False
58,2,after_update,agent_006,Low Risk,1.0,0.8,1.0,0.4,0.4,0.4,False
58,3,after_update,agent_001,Low Risk,1.0,1.0,1.0,0.4,0.4,0.4,False
58,3,after_update,agent_002,Low Risk,1.0,1.0,1.0,0.4,0.4,0.4,False
58,3,after_update,agent_003,Low Risk,1.0,1.0,1.0,0.4,0.4,0.4,False
58,3,after_update,agent_005,Low Risk,1.0,1.0,1.0,0.4,0.4,0.4,False
58,3,after_update,agent_006,Low Risk,1.0,1.0,1.0,0.4,0.4,0.4,False
59,1,after_update,agent_001,Medium Risk,1.0,1.0,0.1,0.6667,0.6667,0.5,True
59,1,after_update,agent_002,Medium Risk,1.0,1.0,0.1,0.6667,0.6667,0.5,True
59,1,after_update,agent_003,Medium Risk,1.0,1.0,0.1,0.6667,0.6667,0.5,True
59,1,after_update,agent_004,Medium Risk,1.0,1.0,0.1,0.6667,0.6667,0.5,True
59,1,after_update,agent_005,Medium Risk,1.0,1.0,0.1,0.6667,0.6667,0.5,True
59,1,after_update,agent_006,Medium Risk,1.0,1.0,0.1,0.6667,0.6667,0.5,True
59,2,after_update,agent_001,Medium Risk,1.0,1.0,0.1,0.6667,0.6667,0.5,True
59,2,after_update,agent_002,Medium Risk,1.0,1.0,0.1,0.6667,0.6667,0.5,True
59,2,after_update,agent_003,Medium Risk,1.0,1.0,0.1,0.6667,0.6667,0.5,True
59,2,after_update,agent_004,Medium Risk,1.0,1.0,0.1,0.6667,0.6667,0.5,True
59,2,after_update,agent_005,Medium Risk,1.0,1.0,0.1,0.6667,0.6667,0.5,True
59,2,after_update,agent_006,Medium Risk,1.0,1.0,0.1,0.6667,0.6667,0.5,True
59,3,after_update,agent_001,Medium Risk,1.0,0.8,0.1,0.6667,0.6667,0.5,True
59,3,after_update,agent_002,Medium Risk,1.0,0.0,0.4689,0.5,0.3333,0.3333,False
59,3,after_update,agent_003,Medium Risk,1.0,0.8,0.1,0.6667,0.6667,0.5,True
59,3,after_update,agent_004,Medium Risk,1.0,0.8,0.1,0.6667,0.6667,0.5,True
59,3,after_update,agent_005,Medium Risk,1.0,0.8,0.1,0.6667,0.6667,0.5,True
59,3,after_update,agent_006,Medium Risk,1.0,0.8,0.1,0.6667,0.6667,0.5,True
60,1,after_update,agent_001,Low Risk,1.0,1.0,1.0,0.4,0.4,0.4,False
60,1,after_update,agent_002,Low Risk,1.0,1.0,1.0,0.4,0.4,0.4,False
60,1,after_update,agent_003,Low Risk,1.0,1.0,1.0,0.4,0.4,0.4,False
60,1,after_update,agent_004,Low Risk,1.0,1.0,1.0,0.4,0.4,0.4,False
60,1,after_update,agent_005,Low Risk,1.0,1.0,1.0,0.4,0.4,0.4,False
60,1,after_update,agent_006,Low Risk,1.0,1.0,1.0,0.4,0.4,0.4,False
60,2,after_update,agent_001,Low Risk,1.0,1.0,1.0,0.4,0.4,0.4,False
60,2,after_update,agent_002,Low Risk,1.0,1.0,1.0,0.4,0.4,0.4,False
60,2,after_update,agent_003,Low Risk,1.0,1.0,1.0,0.4,0.4,0.4,False
60,2,after_update,agent_004,Low Risk,1.0,1.0,1.0,0.4,0.4,0.4,False
60,2,after_update,agent_005,Low Risk,1.0,1.0,1.0,0.4,0.4,0.4,False
60,2,after_update,agent_006,Low Risk,1.0,1.0,1.0,0.4,0.4,0.4,False
60,3,after_update,agent_001,Medium Risk,1.0,0.2,1.0,0.4,0.5,0.4,False
60,3,after_update,agent_002,Low Risk,1.0,0.6,1.0,0.4,0.4,0.4,False
60,3,after_update,agent_003,Low Risk,1.0,0.6,1.0,0.4,0.4,0.4,False
60,3,after_update,agent_004,Low Risk,1.0,0.6,1.0,0.4,0.4,0.4,False
60,3,after_update,agent_005,Low Risk,1.0,0.6,1.0,0.4,0.4,0.4,False
60,3,after_update,agent_006,Medium Risk,1.0,0.2,1.0,0.4,0.5,0.4,False
61,1,after_update,agent_001,Low Risk,1.0,1.0,1.0,0.4,0.4,0.4,False
61,1,after_update,agent_002,Low Risk,1.0,1.0,1.0,0.4,0.4,0.4,False
61,1,after_update,agent_003,Low Risk,1.0,1.0,1.0,0.4,0.4,0.4,False
61,1,after_update,agent_004,Low Risk,1.0,1.0,1.0,0.4,0.4,0.4,False
61,1,after_update,agent_005,Low Risk,1.0,1.0,1.0,0.4,0.4,0.4,False
61,1,after_update,agent_006,Low Risk,1.0,1.0,1.0,0.4,0.4,0.4,False
61,2,after_update,agent_001,Low Risk,1.0,1.0,1.0,0.4,0.4,0.4,False
61,2,after_update,agent_002,Low Risk,1.0,1.0,1.0,0.4,0.4,0.4,False
61,2,after_update,agent_003,Low Risk,1.0,1.0,1.0,0.4,0.4,0.4,False
61,2,after_update,agent_004,Low Risk,1.0,1.0,1.0,0.4,0.4,0.4,False
61,2,after_update,agent_005,Low Risk,1.0,1.0,1.0,0.4,0.4,0.4,False
61,2,after_update,agent_006,Low Risk,1.0,1.0,1.0,0.4,0.4,0.4,False
61,3,after_update,agent_001,Low Risk,1.0,1.0,1.0,0.4,0.4,0.4,False
61,3,after_update,agent_002,Low Risk,1.0,1.0,1.0,0.4,0.4,0.4,False
61,3,after_update,agent_003,Low Risk,1.0,1.0,1.0,0.4,0.4,0.4,False
61,3,after_update,agent_004,Low Risk,1.0,1.0,1.0,0.4,0.4,0.4,False
61,3,after_update,agent_005,Low Risk,1.0,1.0,1.0,0.4,0.4,0.4,False
61,3,after_update,agent_006,Low Risk,1.0,1.0,1.0,0.4,0.4,0.4,False
62,1,after_update,agent_001,Low Risk,1.0,1.0,1.0,0.4,0.4,0.4,False
62,1,after_update,agent_002,Low Risk,1.0,1.0,1.0,0.4,0.4,0.4,False
62,1,after_update,agent_003,Low Risk,1.0,1.0,1.0,0.4,0.4,0.4,False
62,1,after_update,agent_004,Low Risk,1.0,1.0,1.0,0.4,0.4,0.4,False
62,1,after_update,agent_005,Low Risk,1.0,1.0,1.0,0.4,0.4,0.4,False
62,1,after_update,agent_006,Low Risk,1.0,1.0,1.0,0.4,0.4,0.4,False
62,2,after_update,agent_001,Low Risk,1.0,1.0,1.0,0.4,0.4,0.4,False
62,2,after_update,agent_002,Low Risk,1.0,1.0,1.0,0.4,0.4,0.4,False
62,2,after_update,agent_003,Low Risk,1.0,1.0,1.0,0.4,0.4,0.4,False
62,2,after_update,agent_004,Low Risk,1.0,1.0,1.0,0.4,0.4,0.4,False
62,2,after_update,agent_005,Low Risk,1.0,1.0,1.0,0.4,0.4,0.4,False
62,2,after_update,agent_006,Low Risk,1.0,1.0,1.0,0.4,0.4,0.4,False
62,3,after_update,agent_001,Low Risk,1.0,1.0,1.0,0.4,0.4,0.4,False
62,3,after_update,agent_002,Low Risk,1.0,1.0,1.0,0.4,0.4,0.4,False
62,3,after_update,agent_003,Low Risk,1.0,1.0,1.0,0.4,0.4,0.4,False
62,3,after_update,agent_004,Low Risk,1.0,1.0,1.0,0.4,0.4,0.4,False
62,3,after_update,agent_005,Low Risk,1.0,1.0,1.0,0.4,0.4,0.4,False
62,3,after_update,agent_006,Low Risk,1.0,1.0,1.0,0.4,0.4,0.4,False
63,1,after_update,agent_001,Medium Risk,1.0,0.0,1.0,0.4,0.5,0.4,False
63,1,after_update,agent_002,Low Risk,1.0,0.8,1.0,0.4,0.4,0.4,False
63,1,after_update,agent_003,Low Risk,1.0,0.8,1.0,0.4,0.4,0.4,False
63,1,after_update,agent_004,Low Risk,1.0,0.8,1.0,0.4,0.4,0.4,False
63,1,after_update,agent_005,Low Risk,1.0,0.8,1.0,0.4,0.4,0.4,False
63,1,after_update,agent_006,Low Risk,1.0,0.8,1.0,0.4,0.4,0.4,False
63,2,after_update,agent_002,Low Risk,1.0,0.75,1.0,0.4,0.4,0.4,False
63,2,after_update,agent_003,Low Risk,1.0,0.75,1.0,0.4,0.4,0.4,False
63,2,after_update,agent_004,Low Risk,1.0,0.75,1.0,0.4,0.4,0.4,False
63,2,after_update,agent_005,Low Risk,1.0,0.75,1.0,0.4,0.4,0.4,False
63,2,after_update,agent_006,Medium Risk,1.0,0.0,1.0,0.4,0.5,0.4,False
63,3,after_update,agent_002,Low Risk,1.0,1.0,1.0,0.4,0.4,0.4,False
63,3,after_update,agent_003,Low Risk,1.0,1.0,1.0,0.4,0.4,0.4,False
63,3,after_update,agent_004,Low Risk,1.0,1.0,1.0,0.4,0.4,0.4,False
63,3,after_update,agent_005,Low Risk,1.0,1.0,1.0,0.4,0.4,0.4,False
64,1,after_update,agent_001,Low Risk,1.0,1.0,1.0,0.4,0.4,0.4,False
64,1,after_update,agent_002,Low Risk,1.0,1.0,1.0,0.4,0.4,0.4,False
64,1,after_update,agent_003,Low Risk,1.0,1.0,1.0,0.4,0.4,0.4,False
64,1,after_update,agent_004,Low Risk,1.0,1.0,1.0,0.4,0.4,0.4,False
64,1,after_update,agent_005,Low Risk,1.0,1.0,1.0,0.4,0.4,0.4,False
64,1,after_update,agent_006,Low Risk,1.0,1.0,1.0,0.4,0.4,0.4,False
64,2,after_update,agent_001,Low Risk,1.0,0.8,1.0,0.4,0.4,0.4,False
64,2,after_update,agent_002,Medium Risk,1.0,0.0,1.0,0.4,0.5,0.4,False
64,2,after_update,agent_003,Low Risk,1.0,0.8,1.0,0.4,0.4,0.4,False
64,2,after_update,agent_004,Low Risk,1.0,0.8,1.0,0.4,0.4,0.4,False
64,2,after_update,agent_005,Low Risk,1.0,0.8,1.0,0.4,0.4,0.4,False
64,2,after_update,agent_006,Low Risk,1.0,0.8,1.0,0.4,0.4,0.4,False
64,3,after_update,agent_001,Low Risk,1.0,1.0,1.0,0.4,0.4,0.4,False
64,3,after_update,agent_003,Low Risk,1.0,1.0,1.0,0.4,0.4,0.4,False
64,3,after_update,agent_004,Low Risk,1.0,1.0,1.0,0.4,0.4,0.4,False
64,3,after_update,agent_005,Low Risk,1.0,1.0,1.0,0.4,0.4,0.4,False
64,3,after_update,agent_006,Low Risk,1.0,1.0,1.0,0.4,0.4,0.4,False
65,1,after_update,agent_001,Low Risk,1.0,1.0,1.0,0.4,0.4,0.4,False
65,1,after_update,agent_002,Low Risk,1.0,1.0,1.0,0.4,0.4,0.4,False
65,1,after_update,agent_003,Low Risk,1.0,1.0,1.0,0.4,0.4,0.4,False
65,1,after_update,agent_004,Low Risk,1.0,1.0,1.0,0.4,0.4,0.4,False
65,1,after_update,agent_005,Low Risk,1.0,1.0,1.0,0.4,0.4,0.4,False
65,1,after_update,agent_006,Low Risk,1.0,1.0,1.0,0.4,0.4,0.4,False
65,2,after_update,agent_001,Low Risk,1.0,0.8,1.0,0.4,0.4,0.4,False
65,2,after_update,agent_002,Low Risk,1.0,0.8,1.0,0.4,0.4,0.4,False
65,2,after_update,agent_003,Low Risk,1.0,0.8,1.0,0.4,0.4,0.4,False
65,2,after_update,agent_004,Medium Risk,1.0,0.0,1.0,0.4,0.5,0.4,False
65,2,after_update,agent_005,Low Risk,1.0,0.8,1.0,0.4,0.4,0.4,False
65,2,after_update,agent_006,Low Risk,1.0,0.8,1.0,0.4,0.4,0.4,False
65,3,after_update,agent_001,Low Risk,1.0,1.0,1.0,0.4,0.4,0.4,False
65,3,after_update,agent_002,Low Risk,1.0,1.0,1.0,0.4,0.4,0.4,False
65,3,after_update,agent_003,Low Risk,1.0,1.0,1.0,0.4,0.4,0.4,False
65,3,after_update,agent_005,Low Risk,1.0,1.0,1.0,0.4,0.4,0.4,False
65,3,after_update,agent_006,Low Risk,1.0,1.0,1.0,0.4,0.4,0.4,False
66,1,after_update,agent_001,Low Risk,1.0,0.6,1.0,0.4,0.4,0.4,False
66,1,after_update,agent_002,Low Risk,1.0,0.6,1.0,0.4,0.4,0.4,False
66,1,after_update,agent_003,Low Risk,1.0,0.6,1.0,0.4,0.4,0.4,False
66,1,after_update,agent_004,High Risk,1.0,0.0,0.1,0.5,0.6,0.6,True
66,1,after_update,agent_005,Medium Risk,1.0,0.0,1.0,0.4,0.5,0.4,False
66,1,after_update,agent_006,Low Risk,1.0,0.6,1.0,0.4,0.4,0.4,False
66,2,after_update,agent_001,Low Risk,1.0,1.0,1.0,0.4,0.4,0.4,False
66,2,after_update,agent_002,Low Risk,1.0,1.0,1.0,0.4,0.4,0.4,False
66,2,after_update,agent_003,Low Risk,1.0,1.0,1.0,0.4,0.4,0.4,False
66,2,after_update,agent_006,Low Risk,1.0,1.0,1.0,0.4,0.4,0.4,False
66,3,after_update,agent_001,Medium Risk,1.0,0.0,1.0,0.4,0.5,0.4,False
66,3,after_update,agent_002,Low Risk,1.0,0.6667,1.0,0.4,0.4,0.4,False
66,3,after_update,agent_003,Low Risk,1.0,0.6667,1.0,0.4,0.4,0.4,False
66,3,after_update,agent_006,Low Risk,1.0,0.6667,1.0,0.4,0.4,0.4,False
67,1,after_update,agent_001,Low Risk,1.0,1.0,1.0,0.4,0.4,0.4,False
67,1,after_update,agent_002,Low Risk,1.0,1.0,1.0,0.4,0.4,0.4,False
67,1,after_update,agent_003,Low Risk,1.0,1.0,1.0,0.4,0.4,0.4,False
67,1,after_update,agent_004,Low Risk,1.0,1.0,1.0,0.4,0.4,0.4,False
67,1,after_update,agent_005,Low Risk,1.0,1.0,1.0,0.4,0.4,0.4,False
67,1,after_update,agent_006,Low Risk,1.0,1.0,1.0,0.4,0.4,0.4,False
67,2,after_update,agent_001,Low Risk,1.0,0.8,1.0,0.4,0.4,0.4,False
67,2,after_update,agent_002,Low Risk,1.0,0.8,1.0,0.4,0.4,0.4,False
67,2,after_update,agent_003,Medium Risk,1.0,0.0,1.0,0.4,0.5,0.4,False
67,2,after_update,agent_004,Low Risk,1.0,0.8,1.0,0.4,0.4,0.4,False
67,2,after_update,agent_005,Low Risk,1.0,0.8,1.0,0.4,0.4,0.4,False
67,2,after_update,agent_006,Low Risk,1.0,0.8,1.0,0.4,0.4,0.4,False
67,3,after_update,agent_001,Low Risk,1.0,1.0,1.0,0.4,0.4,0.4,False
67,3,after_update,agent_002,Low Risk,1.0,1.0,1.0,0.4,0.4,0.4,False
67,3,after_update,agent_004,Low Risk,1.0,1.0,1.0,0.4,0.4,0.4,False
67,3,after_update,agent_005,Low Risk,1.0,1.0,1.0,0.4,0.4,0.4,False
67,3,after_update,agent_006,Low Risk,1.0,1.0,1.0,0.4,0.4,0.4,False
68,1,after_update,agent_001,Low Risk,1.0,0.8,1.0,0.4,0.4,0.4,False
68,1,after_update,agent_002,Low Risk,1.0,0.8,1.0,0.4,0.4,0.4,False
68,1,after_update,agent_003,Low Risk,1.0,0.8,1.0,0.4,0.4,0.4,False
68,1,after_update,agent_004,Low Risk,1.0,0.8,1.0,0.4,0.4,0.4,False
68,1,after_update,agent_005,Low Risk,1.0,0.8,1.0,0.4,0.4,0.4,False
68,1,after_update,agent_006,Medium Risk,1.0,0.0,1.0,0.4,0.5,0.4,False
68,2,after_update,agent_001,Low Risk,1.0,1.0,1.0,0.4,0.4,0.4,False
68,2,after_update,agent_002,Low Risk,1.0,1.0,1.0,0.4,0.4,0.4,False
68,2,after_update,agent_003,Low Risk,1.0,1.0,1.0,0.4,0.4,0.4,False
68,2,after_update,agent_004,Low Risk,1.0,1.0,1.0,0.4,0.4,0.4,False
68,2,after_update,agent_005,Low Risk,1.0,1.0,1.0,0.4,0.4,0.4,False
68,3,after_update,agent_001,Medium Risk,1.0,0.0,1.0,0.4,0.5,0.4,False
68,3,after_update,agent_002,Low Risk,1.0,0.75,1.0,0.4,0.4,0.4,False
68,3,after_update,agent_003,Low Risk,1.0,0.75,1.0,0.4,0.4,0.4,False
68,3,after_update,agent_004,Low Risk,1.0,0.75,1.0,0.4,0.4,0.4,False
68,3,after_update,agent_005,Low Risk,1.0,0.75,1.0,0.4,0.4,0.4,False
69,1,after_update,agent_001,Low Risk,1.0,1.0,1.0,0.4,0.4,0.4,False
69,1,after_update,agent_002,Low Risk,1.0,1.0,1.0,0.4,0.4,0.4,False
69,1,after_update,agent_003,Low Risk,1.0,1.0,1.0,0.4,0.4,0.4,False
69,1,after_update,agent_004,Low Risk,1.0,1.0,1.0,0.4,0.4,0.4,False
69,1,after_update,agent_005,Low Risk,1.0,1.0,1.0,0.4,0.4,0.4,False
69,1,after_update,agent_006,Low Risk,1.0,1.0,1.0,0.4,0.4,0.4,False
69,2,after_update,agent_001,Low Risk,1.0,1.0,1.0,0.4,0.4,0.4,False
69,2,after_update,agent_002,Low Risk,1.0,1.0,1.0,0.4,0.4,0.4,False
69,2,after_update,agent_003,Low Risk,1.0,1.0,1.0,0.4,0.4,0.4,False
69,2,after_update,agent_004,Low Risk,1.0,1.0,1.0,0.4,0.4,0.4,False
69,2,after_update,agent_005,Low Risk,1.0,1.0,1.0,0.4,0.4,0.4,False
69,2,after_update,agent_006,Low Risk,1.0,1.0,1.0,0.4,0.4,0.4,False
69,3,after_update,agent_001,Low Risk,1.0,1.0,1.0,0.4,0.4,0.4,False
69,3,after_update,agent_002,Low Risk,1.0,1.0,1.0,0.4,0.4,0.4,False
69,3,after_update,agent_003,Low Risk,1.0,1.0,1.0,0.4,0.4,0.4,False
69,3,after_update,agent_004,Low Risk,1.0,1.0,1.0,0.4,0.4,0.4,False
69,3,after_update,agent_005,Low Risk,1.0,1.0,1.0,0.4,0.4,0.4,False
69,3,after_update,agent_006,Low Risk,1.0,1.0,1.0,0.4,0.4,0.4,False
70,1,after_update,agent_001,Low Risk,1.0,1.0,1.0,0.4,0.4,0.4,False
70,1,after_update,agent_002,Low Risk,1.0,1.0,1.0,0.4,0.4,0.4,False
70,1,after_update,agent_003,Low Risk,1.0,1.0,1.0,0.4,0.4,0.4,False
70,1,after_update,agent_004,Low Risk,1.0,1.0,1.0,0.4,0.4,0.4,False
70,1,after_update,agent_005,Low Risk,1.0,1.0,1.0,0.4,0.4,0.4,False
70,1,after_update,agent_006,Low Risk,1.0,1.0,1.0,0.4,0.4,0.4,False
70,2,after_update,agent_001,Low Risk,1.0,0.8,1.0,0.4,0.4,0.4,False
70,2,after_update,agent_002,Medium Risk,1.0,0.0,1.0,0.4,0.5,0.4,False
70,2,after_update,agent_003,Low Risk,1.0,0.8,1.0,0.4,0.4,0.4,False
70,2,after_update,agent_004,Low Risk,1.0,0.8,1.0,0.4,0.4,0.4,False
70,2,after_update,agent_005,Low Risk,1.0,0.8,1.0,0.4,0.4,0.4,False
70,2,after_update,agent_006,Low Risk,1.0,0.8,1.0,0.4,0.4,0.4,False
70,3,after_update,agent_001,Low Risk,1.0,1.0,1.0,0.4,0.4,0.4,False
70,3,after_update,agent_003,Low Risk,1.0,1.0,1.0,0.4,0.4,0.4,False
70,3,after_update,agent_004,Low Risk,1.0,1.0,1.0,0.4,0.4,0.4,False
70,3,after_update,agent_005,Low Risk,1.0,1.0,1.0,0.4,0.4,0.4,False
70,3,after_update,agent_006,Low Risk,1.0,1.0,1.0,0.4,0.4,0.4,False
71,1,after_update,agent_001,Low Risk,1.0,0.8,1.0,0.4,0.4,0.4,False
71,1,after_update,agent_002,Medium Risk,1.0,0.0,1.0,0.4,0.5,0.4,False
71,1,after_update,agent_003,Low Risk,1.0,0.8,1.0,0.4,0.4,0.4,False
71,1,after_update,agent_004,Low Risk,1.0,0.8,1.0,0.4,0.4,0.4,False
71,1,after_update,agent_005,Low Risk,1.0,0.8,1.0,0.4,0.4,0.4,False
71,1,after_update,agent_006,Low Risk,1.0,0.8,1.0,0.4,0.4,0.4,False
71,2,after_update,agent_001,Low Risk,1.0,0.75,1.0,0.4,0.4,0.4,False
71,2,after_update,agent_003,Low Risk,1.0,0.75,1.0,0.4,0.4,0.4,False
71,2,after_update,agent_004,Low Risk,1.0,0.75,1.0,0.4,0.4,0.4,False
71,2,after_update,agent_005,Low Risk,1.0,0.75,1.0,0.4,0.4,0.4,False
71,2,after_update,agent_006,Medium Risk,1.0,0.0,1.0,0.4,0.5,0.4,False
71,3,after_update,agent_001,Low Risk,1.0,1.0,1.0,0.4,0.4,0.4,False
71,3,after_update,agent_003,Low Risk,1.0,1.0,1.0,0.4,0.4,0.4,False
71,3,after_update,agent_004,Low Risk,1.0,1.0,1.0,0.4,0.4,0.4,False
71,3,after_update,agent_005,Low Risk,1.0,1.0,1.0,0.4,0.4,0.4,False
72,1,after_update,agent_001,Low Risk,1.0,1.0,1.0,0.4,0.4,0.4,False
72,1,after_update,agent_002,Low Risk,1.0,1.0,1.0,0.4,0.4,0.4,False
72,1,after_update,agent_003,Low Risk,1.0,1.0,1.0,0.4,0.4,0.4,False
72,1,after_update,agent_004,Low Risk,1.0,1.0,1.0,0.4,0.4,0.4,False
72,1,after_update,agent_005,Low Risk,1.0,1.0,1.0,0.4,0.4,0.4,False
72,1,after_update,agent_006,Low Risk,1.0,1.0,1.0,0.4,0.4,0.4,False
72,2,after_update,agent_001,Low Risk,1.0,1.0,1.0,0.4,0.4,0.4,False
72,2,after_update,agent_002,Low Risk,1.0,1.0,1.0,0.4,0.4,0.4,False
72,2,after_update,agent_003,Low Risk,1.0,1.0,1.0,0.4,0.4,0.4,False
72,2,after_update,agent_004,Low Risk,1.0,1.0,1.0,0.4,0.4,0.4,False
72,2,after_update,agent_005,Low Risk,1.0,1.0,1.0,0.4,0.4,0.4,False
72,2,after_update,agent_006,Low Risk,1.0,1.0,1.0,0.4,0.4,0.4,False
72,3,after_update,agent_001,Low Risk,1.0,1.0,1.0,0.4,0.4,0.4,False
72,3,after_update,agent_002,Low Risk,1.0,1.0,1.0,0.4,0.4,0.4,False
72,3,after_update,agent_003,Low Risk,1.0,1.0,1.0,0.4,0.4,0.4,False
72,3,after_update,agent_004,Low Risk,1.0,1.0,1.0,0.4,0.4,0.4,False
72,3,after_update,agent_005,Low Risk,1.0,1.0,1.0,0.4,0.4,0.4,False
72,3,after_update,agent_006,Low Risk,1.0,1.0,1.0,0.4,0.4,0.4,False
73,1,after_update,agent_001,Medium Risk,1.0,0.8,0.1,0.6667,0.6667,0.5,True
73,1,after_update,agent_002,Medium Risk,1.0,0.0,1.0,0.4,0.5,0.4,False
73,1,after_update,agent_003,Medium Risk,1.0,0.8,0.1,0.6667,0.6667,0.5,True
73,1,after_update,agent_004,Medium Risk,1.0,0.8,0.1,0.6667,0.6667,0.5,True
73,1,after_update,agent_005,Medium Risk,1.0,0.8,0.1,0.6667,0.6667,0.5,True
73,1,after_update,agent_006,Medium Risk,1.0,0.8,0.1,0.6667,0.6667,0.5,True
73,2,after_update,agent_001,Medium Risk,1.0,1.0,0.1,0.6667,0.6667,0.5,True
73,2,after_update,agent_003,Medium Risk,1.0,1.0,0.1,0.6667,0.6667,0.5,True
73,2,after_update,agent_004,Medium Risk,1.0,1.0,0.1,0.6667,0.6667,0.5,True
73,2,after_update,agent_005,Medium Risk,1.0,1.0,0.1,0.6667,0.6667,0.5,True
73,2,after_update,agent_006,Medium Risk,1.0,1.0,0.1,0.6667,0.6667,0.5,True
73,3,after_update,agent_001,Medium Risk,1.0,1.0,0.1,0.6667,0.6667,0.5,True
73,3,after_update,agent_003,Medium Risk,1.0,1.0,0.1,0.6667,0.6667,0.5,True
73,3,after_update,agent_004,Medium Risk,1.0,1.0,0.1,0.6667,0.6667,0.5,True
73,3,after_update,agent_005,Medium Risk,1.0,1.0,0.1,0.6667,0.6667,0.5,True
73,3,after_update,agent_006,Medium Risk,1.0,1.0,0.1,0.6667,0.6667,0.5,True
74,1,after_update,agent_001,Low Risk,1.0,1.0,1.0,0.4,0.4,0.4,False
74,1,after_update,agent_002,Low Risk,1.0,1.0,1.0,0.4,0.4,0.4,False
74,1,after_update,agent_003,Low Risk,1.0,1.0,1.0,0.4,0.4,0.4,False
74,1,after_update,agent_004,Low Risk,1.0,1.0,1.0,0.4,0.4,0.4,False
74,1,after_update,agent_005,Low Risk,1.0,1.0,1.0,0.4,0.4,0.4,False
74,1,after_update,agent_006,Low Risk,1.0,1.0,1.0,0.4,0.4,0.4,False
74,2,after_update,agent_001,Low Risk,1.0,1.0,1.0,0.4,0.4,0.4,False
74,2,after_update,agent_002,Low Risk,1.0,1.0,1.0,0.4,0.4,0.4,False
74,2,after_update,agent_003,Low Risk,1.0,1.0,1.0,0.4,0.4,0.4,False
74,2,after_update,agent_004,Low Risk,1.0,1.0,1.0,0.4,0.4,0.4,False
74,2,after_update,agent_005,Low Risk,1.0,1.0,1.0,0.4,0.4,0.4,False
74,2,after_update,agent_006,Low Risk,1.0,1.0,1.0,0.4,0.4,0.4,False
74,3,after_update,agent_001,Low Risk,1.0,0.8,1.0,0.4,0.4,0.4,False
74,3,after_update,agent_002,Low Risk,1.0,0.8,1.0,0.4,0.4,0.4,False
74,3,after_update,agent_003,Medium Risk,1.0,0.0,1.0,0.4,0.5,0.4,False
74,3,after_update,agent_004,Low Risk,1.0,0.8,1.0,0.4,0.4,0.4,False
74,3,after_update,agent_005,Low Risk,1.0,0.8,1.0,0.4,0.4,0.4,False
74,3,after_update,agent_006,Low Risk,1.0,0.8,1.0,0.4,0.4,0.4,False
75,1,after_update,agent_001,Low Risk,1.0,1.0,1.0,0.4,0.4,0.4,False
75,1,after_update,agent_002,Low Risk,1.0,1.0,1.0,0.4,0.4,0.4,False
75,1,after_update,agent_003,Low Risk,1.0,1.0,1.0,0.4,0.4,0.4,False
75,1,after_update,agent_004,Low Risk,1.0,1.0,1.0,0.4,0.4,0.4,False
75,1,after_update,agent_005,Low Risk,1.0,1.0,1.0,0.4,0.4,0.4,False
75,1,after_update,agent_006,Low Risk,1.0,1.0,1.0,0.4,0.4,0.4,False
75,2,after_update,agent_001,Low Risk,1.0,0.8,1.0,0.4,0.4,0.4,False
75,2,after_update,agent_002,Low Risk,1.0,0.8,1.0,0.4,0.4,0.4,False
75,2,after_update,agent_003,Low Risk,1.0,0.8,1.0,0.4,0.4,0.4,False
75,2,after_update,agent_004,Low Risk,1.0,0.8,1.0,0.4,0.4,0.4,False
75,2,after_update,agent_005,Low Risk,1.0,0.8,1.0,0.4,0.4,0.4,False
75,2,after_update,agent_006,Medium Risk,1.0,0.0,1.0,0.4,0.5,0.4,False
75,3,after_update,agent_001,Low Risk,1.0,0.75,1.0,0.4,0.4,0.4,False
75,3,after_update,agent_002,Low Risk,1.0,0.75,1.0,0.4,0.4,0.4,False
75,3,after_update,agent_003,Medium Risk,1.0,0.0,1.0,0.4,0.5,0.4,False
75,3,after_update,agent_004,Low Risk,1.0,0.75,1.0,0.4,0.4,0.4,False
75,3,after_update,agent_005,Low Risk,1.0,0.75,1.0,0.4,0.4,0.4,False
76,1,after_update,agent_001,Medium Risk,1.0,1.0,0.1,0.6667,0.6667,0.5,True
76,1,after_update,agent_002,Medium Risk,1.0,1.0,0.1,0.6667,0.6667,0.5,True
76,1,after_update,agent_003,Medium Risk,1.0,1.0,0.1,0.6667,0.6667,0.5,True
76,1,after_update,agent_004,Medium Risk,1.0,1.0,0.1,0.6667,0.6667,0.5,True
76,1,after_update,agent_005,Medium Risk,1.0,1.0,0.1,0.6667,0.6667,0.5,True
76,1,after_update,agent_006,Medium Risk,1.0,1.0,0.1,0.6667,0.6667,0.5,True
76,2,after_update,agent_001,Medium Risk,1.0,0.8,0.1,0.6667,0.6667,0.5,True
76,2,after_update,agent_002,Medium Risk,1.0,0.0,0.6,0.4,0.5,0.4,False
76,2,after_update,agent_003,Medium Risk,1.0,0.8,0.1,0.6667,0.6667,0.5,True
76,2,after_update,agent_004,Medium Risk,1.0,0.8,0.1,0.6667,0.6667,0.5,True
76,2,after_update,agent_005,Medium Risk,1.0,0.8,0.1,0.6667,0.6667,0.5,True
76,2,after_update,agent_006,Medium Risk,1.0,0.8,0.1,0.6667,0.6667,0.5,True
76,3,after_update,agent_001,Medium Risk,1.0,1.0,0.1,0.6667,0.6667,0.5,True
76,3,after_update,agent_003,Medium Risk,1.0,1.0,0.1,0.6667,0.6667,0.5,True
76,3,after_update,agent_004,Medium Risk,1.0,1.0,0.1,0.6667,0.6667,0.5,True
76,3,after_update,agent_005,Medium Risk,1.0,1.0,0.1,0.6667,0.6667,0.5,True
76,3,after_update,agent_006,Medium Risk,1.0,1.0,0.1,0.6667,0.6667,0.5,True
77,1,after_update,agent_001,Low Risk,1.0,1.0,1.0,0.4,0.4,0.4,False
77,1,after_update,agent_002,Low Risk,1.0,1.0,1.0,0.4,0.4,0.4,False
77,1,after_update,agent_003,Low Risk,1.0,1.0,1.0,0.4,0.4,0.4,False
77,1,after_update,agent_004,Low Risk,1.0,1.0,1.0,0.4,0.4,0.4,False
77,1,after_update,agent_005,Low Risk,1.0,1.0,1.0,0.4,0.4,0.4,False
77,1,after_update,agent_006,Low Risk,1.0,1.0,1.0,0.4,0.4,0.4,False
77,2,after_update,agent_001,Low Risk,1.0,0.8,1.0,0.4,0.4,0.4,False
77,2,after_update,agent_002,Medium Risk,1.0,0.0,1.0,0.4,0.5,0.4,False
77,2,after_update,agent_003,Low Risk,1.0,0.8,1.0,0.4,0.4,0.4,False
77,2,after_update,agent_004,Low Risk,1.0,0.8,1.0,0.4,0.4,0.4,False
77,2,after_update,agent_005,Low Risk,1.0,0.8,1.0,0.4,0.4,0.4,False
77,2,after_update,agent_006,Low Risk,1.0,0.8,1.0,0.4,0.4,0.4,False
77,3,after_update,agent_001,Low Risk,1.0,1.0,1.0,0.4,0.4,0.4,False
77,3,after_update,agent_003,Low Risk,1.0,1.0,1.0,0.4,0.4,0.4,False
77,3,after_update,agent_004,Low Risk,1.0,1.0,1.0,0.4,0.4,0.4,False
77,3,after_update,agent_005,Low Risk,1.0,1.0,1.0,0.4,0.4,0.4,False
77,3,after_update,agent_006,Low Risk,1.0,1.0,1.0,0.4,0.4,0.4,False
78,1,after_update,agent_001,Low Risk,1.0,1.0,1.0,0.4,0.4,0.4,False
78,1,after_update,agent_002,Low Risk,1.0,1.0,1.0,0.4,0.4,0.4,False
78,1,after_update,agent_003,Low Risk,1.0,1.0,1.0,0.4,0.4,0.4,False
78,1,after_update,agent_004,Low Risk,1.0,1.0,1.0,0.4,0.4,0.4,False
78,1,after_update,agent_005,Low Risk,1.0,1.0,1.0,0.4,0.4,0.4,False
78,1,after_update,agent_006,Low Risk,1.0,1.0,1.0,0.4,0.4,0.4,False
78,2,after_update,agent_001,Low Risk,1.0,0.8,1.0,0.4,0.4,0.4,False
78,2,after_update,agent_002,Low Risk,1.0,0.8,1.0,0.4,0.4,0.4,False
78,2,after_update,agent_003,Medium Risk,1.0,0.0,1.0,0.4,0.5,0.4,False
78,2,after_update,agent_004,Low Risk,1.0,0.8,1.0,0.4,0.4,0.4,False
78,2,after_update,agent_005,Low Risk,1.0,0.8,1.0,0.4,0.4,0.4,False
78,2,after_update,agent_006,Low Risk,1.0,0.8,1.0,0.4,0.4,0.4,False
78,3,after_update,agent_001,Low Risk,1.0,1.0,1.0,0.4,0.4,0.4,False
78,3,after_update,agent_002,Low Risk,1.0,1.0,1.0,0.4,0.4,0.4,False
78,3,after_update,agent_004,Low Risk,1.0,1.0,1.0,0.4,0.4,0.4,False
78,3,after_update,agent_005,Low Risk,1.0,1.0,1.0,0.4,0.4,0.4,False
78,3,after_update,agent_006,Low Risk,1.0,1.0,1.0,0.4,0.4,0.4,False
79,1,after_update,agent_001,Low Risk,1.0,1.0,1.0,0.4,0.4,0.4,False
79,1,after_update,agent_002,Low Risk,1.0,1.0,1.0,0.4,0.4,0.4,False
79,1,after_update,agent_003,Low Risk,1.0,1.0,1.0,0.4,0.4,0.4,False
79,1,after_update,agent_004,Low Risk,1.0,1.0,1.0,0.4,0.4,0.4,False
79,1,after_update,agent_005,Low Risk,1.0,1.0,1.0,0.4,0.4,0.4,False
79,1,after_update,agent_006,Low Risk,1.0,1.0,1.0,0.4,0.4,0.4,False
79,2,after_update,agent_001,Low Risk,1.0,0.8,1.0,0.4,0.4,0.4,False
79,2,after_update,agent_002,Low Risk,1.0,0.8,1.0,0.4,0.4,0.4,False
79,2,after_update,agent_003,Low Risk,1.0,0.8,1.0,0.4,0.4,0.4,False
79,2,after_update,agent_004,Low Risk,1.0,0.8,1.0,0.4,0.4,0.4,False
79,2,after_update,agent_005,Low Risk,1.0,0.8,1.0,0.4,0.4,0.4,False
79,2,after_update,agent_006,Medium Risk,1.0,0.0,1.0,0.4,0.5,0.4,False
79,3,after_update,agent_001,Low Risk,1.0,1.0,1.0,0.4,0.4,0.4,False
79,3,after_update,agent_002,Low Risk,1.0,1.0,1.0,0.4,0.4,0.4,False
79,3,after_update,agent_003,Low Risk,1.0,1.0,1.0,0.4,0.4,0.4,False
79,3,after_update,agent_004,Low Risk,1.0,1.0,1.0,0.4,0.4,0.4,False
79,3,after_update,agent_005,Low Risk,1.0,1.0,1.0,0.4,0.4,0.4,False
80,1,after_update,agent_001,Medium Risk,1.0,0.0,1.0,0.4,0.5,0.4,False
80,1,after_update,agent_002,Medium Risk,1.0,0.8,0.1,0.6667,0.6667,0.5,True
80,1,after_update,agent_003,Medium Risk,1.0,0.8,0.1,0.6667,0.6667,0.5,True
80,1,after_update,agent_004,Medium Risk,1.0,0.8,0.1,0.6667,0.6667,0.5,True
80,1,after_update,agent_005,Medium Risk,1.0,0.8,0.1,0.6667,0.6667,0.5,True
80,1,after_update,agent_006,Medium Risk,1.0,0.8,0.1,0.6667,0.6667,0.5,True
80,2,after_update,agent_002,Medium Risk,1.0,1.0,0.1,0.6667,0.6667,0.5,True
80,2,after_update,agent_003,Medium Risk,1.0,1.0,0.1,0.6667,0.6667,0.5,True
80,2,after_update,agent_004,Medium Risk,1.0,1.0,0.1,0.6667,0.6667,0.5,True
80,2,after_update,agent_005,Medium Risk,1.0,1.0,0.1,0.6667,0.6667,0.5,True
80,2,after_update,agent_006,Medium Risk,1.0,1.0,0.1,0.6667,0.6667,0.5,True
80,3,after_update,agent_002,Medium Risk,1.0,0.75,0.1,0.6667,0.6667,0.5,True
80,3,after_update,agent_003,Medium Risk,1.0,0.75,0.1,0.6667,0.6667,0.5,True
80,3,after_update,agent_004,Medium Risk,1.0,0.75,0.1,0.6667,0.6667,0.5,True
80,3,after_update,agent_005,Medium Risk,1.0,0.0,0.4689,0.5,0.3333,0.3333,False
80,3,after_update,agent_006,Medium Risk,1.0,0.75,0.1,0.6667,0.6667,0.5,True
81,1,after_update,agent_001,Low Risk,1.0,0.8,1.0,0.4,0.4,0.4,False
81,1,after_update,agent_002,Low Risk,1.0,0.8,1.0,0.4,0.4,0.4,False
81,1,after_update,agent_003,Low Risk,1.0,0.8,1.0,0.4,0.4,0.4,False
81,1,after_update,agent_004,Low Risk,1.0,0.8,1.0,0.4,0.4,0.4,False
81,1,after_update,agent_005,Medium Risk,1.0,0.0,1.0,0.4,0.5,0.4,False
81,1,after_update,agent_006,Low Risk,1.0,0.8,1.0,0.4,0.4,0.4,False
81,2,after_update,agent_001,Low Risk,1.0,0.5,1.0,0.4,0.4,0.4,False
81,2,after_update,agent_002,Low Risk,1.0,0.5,1.0,0.4,0.4,0.4,False
81,2,after_update,agent_003,Medium Risk,1.0,0.25,1.0,0.4,0.5,0.4,False
81,2,after_update,agent_004,Medium Risk,1.0,0.25,1.0,0.4,0.5,0.4,False
81,2,after_update,agent_006,Low Risk,1.0,0.5,1.0,0.4,0.4,0.4,False
81,3,after_update,agent_001,Low Risk,1.0,1.0,1.0,0.4,0.4,0.4,False
81,3,after_update,agent_002,Low Risk,1.0,1.0,1.0,0.4,0.4,0.4,False
81,3,after_update,agent_006,Low Risk,1.0,1.0,1.0,0.4,0.4,0.4,False
82,1,after_update,agent_001,Low Risk,1.0,1.0,1.0,0.4,0.4,0.4,False
82,1,after_update,agent_002,Low Risk,1.0,1.0,1.0,0.4,0.4,0.4,False
82,1,after_update,agent_003,Low Risk,1.0,1.0,1.0,0.4,0.4,0.4,False
82,1,after_update,agent_004,Low Risk,1.0,1.0,1.0,0.4,0.4,0.4,False
82,1,after_update,agent_005,Low Risk,1.0,1.0,1.0,0.4,0.4,0.4,False
82,1,after_update,agent_006,Low Risk,1.0,1.0,1.0,0.4,0.4,0.4,False
82,2,after_update,agent_001,Low Risk,1.0,0.8,1.0,0.4,0.4,0.4,False
82,2,after_update,agent_002,Low Risk,1.0,0.8,1.0,0.4,0.4,0.4,False
82,2,after_update,agent_003,Low Risk,1.0,0.8,1.0,0.4,0.4,0.4,False
82,2,after_update,agent_004,Low Risk,1.0,0.8,1.0,0.4,0.4,0.4,False
82,2,after_update,agent_005,Medium Risk,1.0,0.0,1.0,0.4,0.5,0.4,False
82,2,after_update,agent_006,Low Risk,1.0,0.8,1.0,0.4,0.4,0.4,False
82,3,after_update,agent_001,Low Risk,1.0,1.0,1.0,0.4,0.4,0.4,False
82,3,after_update,agent_002,Low Risk,1.0,1.0,1.0,0.4,0.4,0.4,False
82,3,after_update,agent_003,Low Risk,1.0,1.0,1.0,0.4,0.4,0.4,False
82,3,after_update,agent_004,Low Risk,1.0,1.0,1.0,0.4,0.4,0.4,False
82,3,after_update,agent_006,Low Risk,1.0,1.0,1.0,0.4,0.4,0.4,False
83,1,after_update,agent_001,Low Risk,1.0,1.0,1.0,0.4,0.4,0.4,False
83,1,after_update,agent_002,Low Risk,1.0,1.0,1.0,0.4,0.4,0.4,False
83,1,after_update,agent_003,Low Risk,1.0,1.0,1.0,0.4,0.4,0.4,False
83,1,after_update,agent_004,Low Risk,1.0,1.0,1.0,0.4,0.4,0.4,False
83,1,after_update,agent_005,Low Risk,1.0,1.0,1.0,0.4,0.4,0.4,False
83,1,after_update,agent_006,Low Risk,1.0,1.0,1.0,0.4,0.4,0.4,False
83,2,after_update,agent_001,Low Risk,1.0,1.0,1.0,0.4,0.4,0.4,False
83,2,after_update,agent_002,Low Risk,1.0,1.0,1.0,0.4,0.4,0.4,False
83,2,after_update,agent_003,Low Risk,1.0,1.0,1.0,0.4,0.4,0.4,False
83,2,after_update,agent_004,Low Risk,1.0,1.0,1.0,0.4,0.4,0.4,False
83,2,after_update,agent_005,Low Risk,1.0,1.0,1.0,0.4,0.4,0.4,False
83,2,after_update,agent_006,Low Risk,1.0,1.0,1.0,0.4,0.4,0.4,False
83,3,after_update,agent_001,Low Risk,1.0,1.0,1.0,0.4,0.4,0.4,False
83,3,after_update,agent_002,Low Risk,1.0,1.0,1.0,0.4,0.4,0.4,False
83,3,after_update,agent_003,Low Risk,1.0,1.0,1.0,0.4,0.4,0.4,False
83,3,after_update,agent_004,Low Risk,1.0,1.0,1.0,0.4,0.4,0.4,False
83,3,after_update,agent_005,Low Risk,1.0,1.0,1.0,0.4,0.4,0.4,False
83,3,after_update,agent_006,Low Risk,1.0,1.0,1.0,0.4,0.4,0.4,False
84,1,after_update,agent_001,Low Risk,1.0,1.0,1.0,0.4,0.4,0.4,False
84,1,after_update,agent_002,Low Risk,1.0,1.0,1.0,0.4,0.4,0.4,False
84,1,after_update,agent_003,Low Risk,1.0,1.0,1.0,0.4,0.4,0.4,False
84,1,after_update,agent_004,Low Risk,1.0,1.0,1.0,0.4,0.4,0.4,False
84,1,after_update,agent_005,Low Risk,1.0,1.0,1.0,0.4,0.4,0.4,False
84,1,after_update,agent_006,Low Risk,1.0,1.0,1.0,0.4,0.4,0.4,False
84,2,after_update,agent_001,Low Risk,1.0,1.0,1.0,0.4,0.4,0.4,False
84,2,after_update,agent_002,Low Risk,1.0,1.0,1.0,0.4,0.4,0.4,False
84,2,after_update,agent_003,Low Risk,1.0,1.0,1.0,0.4,0.4,0.4,False
84,2,after_update,agent_004,Low Risk,1.0,1.0,1.0,0.4,0.4,0.4,False
84,2,after_update,agent_005,Low Risk,1.0,1.0,1.0,0.4,0.4,0.4,False
84,2,after_update,agent_006,Low Risk,1.0,1.0,1.0,0.4,0.4,0.4,False
84,3,after_update,agent_001,Low Risk,1.0,1.0,1.0,0.4,0.4,0.4,False
84,3,after_update,agent_002,Low Risk,1.0,1.0,1.0,0.4,0.4,0.4,False
84,3,after_update,agent_003,Low Risk,1.0,1.0,1.0,0.4,0.4,0.4,False
84,3,after_update,agent_004,Low Risk,1.0,1.0,1.0,0.4,0.4,0.4,False
84,3,after_update,agent_005,Low Risk,1.0,1.0,1.0,0.4,0.4,0.4,False
84,3,after_update,agent_006,Low Risk,1.0,1.0,1.0,0.4,0.4,0.4,False
85,1,after_update,agent_001,Medium Risk,1.0,0.8,0.1,0.6667,0.6667,0.5,True
85,1,after_update,agent_002,Medium Risk,1.0,0.0,1.0,0.4,0.5,0.4,False
85,1,after_update,agent_003,Medium Risk,1.0,0.8,0.1,0.6667,0.6667,0.5,True
85,1,after_update,agent_004,Medium Risk,1.0,0.8,0.1,0.6667,0.6667,0.5,True
85,1,after_update,agent_005,Medium Risk,1.0,0.8,0.1,0.6667,0.6667,0.5,True
85,1,after_update,agent_006,Medium Risk,1.0,0.8,0.1,0.6667,0.6667,0.5,True
85,2,after_update,agent_002,High Risk,1.0,0.0,0.5,0.6667,0.5,0.6667,True
85,3,after_update,agent_001,Medium Risk,1.0,0.8,0.1,0.6667,0.6667,0.5,True
85,3,after_update,agent_002,Medium Risk,1.0,0.0,0.7049,0.4,0.5,0.4,False
85,3,after_update,agent_003,Medium Risk,1.0,0.8,0.1,0.6667,0.6667,0.5,True
85,3,after_update,agent_004,Medium Risk,1.0,0.8,0.1,0.6667,0.6667,0.5,True
85,3,after_update,agent_005,Medium Risk,1.0,0.8,0.1,0.6667,0.6667,0.5,True
85,3,after_update,agent_006,Medium Risk,1.0,0.8,0.1,0.6667,0.6667,0.5,True
86,1,after_update,agent_001,Low Risk,1.0,1.0,1.0,0.4,0.4,0.4,False
86,1,after_update,agent_002,Low Risk,1.0,1.0,1.0,0.4,0.4,0.4,False
86,1,after_update,agent_003,Low Risk,1.0,1.0,1.0,0.4,0.4,0.4,False
86,1,after_update,agent_004,Low Risk,1.0,1.0,1.0,0.4,0.4,0.4,False
86,1,after_update,agent_005,Low Risk,1.0,1.0,1.0,0.4,0.4,0.4,False
86,1,after_update,agent_006,Low Risk,1.0,1.0,1.0,0.4,0.4,0.4,False
86,2,after_update,agent_001,Low Risk,1.0,1.0,1.0,0.4,0.4,0.4,False
86,2,after_update,agent_002,Low Risk,1.0,1.0,1.0,0.4,0.4,0.4,False
86,2,after_update,agent_003,Low Risk,1.0,1.0,1.0,0.4,0.4,0.4,False
86,2,after_update,agent_004,Low Risk,1.0,1.0,1.0,0.4,0.4,0.4,False
86,2,after_update,agent_005,Low Risk,1.0,1.0,1.0,0.4,0.4,0.4,False
86,2,after_update,agent_006,Low Risk,1.0,1.0,1.0,0.4,0.4,0.4,False
86,3,after_update,agent_001,Low Risk,1.0,1.0,1.0,0.4,0.4,0.4,False
86,3,after_update,agent_002,Low Risk,1.0,1.0,1.0,0.4,0.4,0.4,False
86,3,after_update,agent_003,Low Risk,1.0,1.0,1.0,0.4,0.4,0.4,False
86,3,after_update,agent_004,Low Risk,1.0,1.0,1.0,0.4,0.4,0.4,False
86,3,after_update,agent_005,Low Risk,1.0,1.0,1.0,0.4,0.4,0.4,False
86,3,after_update,agent_006,Low Risk,1.0,1.0,1.0,0.4,0.4,0.4,False
87,1,after_update,agent_001,Low Risk,1.0,1.0,1.0,0.4,0.4,0.4,False
87,1,after_update,agent_002,Low Risk,1.0,1.0,1.0,0.4,0.4,0.4,False
87,1,after_update,agent_003,Low Risk,1.0,1.0,1.0,0.4,0.4,0.4,False
87,1,after_update,agent_004,Low Risk,1.0,1.0,1.0,0.4,0.4,0.4,False
87,1,after_update,agent_005,Low Risk,1.0,1.0,1.0,0.4,0.4,0.4,False
87,1,after_update,agent_006,Low Risk,1.0,1.0,1.0,0.4,0.4,0.4,False
87,2,after_update,agent_001,Low Risk,1.0,1.0,1.0,0.4,0.4,0.4,False
87,2,after_update,agent_002,Low Risk,1.0,1.0,1.0,0.4,0.4,0.4,False
87,2,after_update,agent_003,Low Risk,1.0,1.0,1.0,0.4,0.4,0.4,False
87,2,after_update,agent_004,Low Risk,1.0,1.0,1.0,0.4,0.4,0.4,False
87,2,after_update,agent_005,Low Risk,1.0,1.0,1.0,0.4,0.4,0.4,False
87,2,after_update,agent_006,Low Risk,1.0,1.0,1.0,0.4,0.4,0.4,False
87,3,after_update,agent_001,Low Risk,1.0,1.0,1.0,0.4,0.4,0.4,False
87,3,after_update,agent_002,Low Risk,1.0,1.0,1.0,0.4,0.4,0.4,False
87,3,after_update,agent_003,Low Risk,1.0,1.0,1.0,0.4,0.4,0.4,False
87,3,after_update,agent_004,Low Risk,1.0,1.0,1.0,0.4,0.4,0.4,False
87,3,after_update,agent_005,Low Risk,1.0,1.0,1.0,0.4,0.4,0.4,False
87,3,after_update,agent_006,Low Risk,1.0,1.0,1.0,0.4,0.4,0.4,False
88,1,after_update,agent_001,Medium Risk,1.0,1.0,0.1,0.6667,0.6667,0.5,True
88,1,after_update,agent_002,Medium Risk,1.0,1.0,0.1,0.6667,0.6667,0.5,True
88,1,after_update,agent_003,Medium Risk,1.0,1.0,0.1,0.6667,0.6667,0.5,True
88,1,after_update,agent_004,Medium Risk,1.0,1.0,0.1,0.6667,0.6667,0.5,True
88,1,after_update,agent_005,Medium Risk,1.0,1.0,0.1,0.6667,0.6667,0.5,True
88,1,after_update,agent_006,Medium Risk,1.0,1.0,0.1,0.6667,0.6667,0.5,True
88,2,after_update,agent_001,Medium Risk,1.0,1.0,0.1,0.6667,0.6667,0.5,True
88,2,after_update,agent_002,Medium Risk,1.0,1.0,0.1,0.6667,0.6667,0.5,True
88,2,after_update,agent_003,Medium Risk,1.0,1.0,0.1,0.6667,0.6667,0.5,True
88,2,after_update,agent_004,Medium Risk,1.0,1.0,0.1,0.6667,0.6667,0.5,True
88,2,after_update,agent_005,Medium Risk,1.0,1.0,0.1,0.6667,0.6667,0.5,True
88,2,after_update,agent_006,Medium Risk,1.0,1.0,0.1,0.6667,0.6667,0.5,True
88,3,after_update,agent_001,Medium Risk,1.0,1.0,0.1,0.6667,0.6667,0.5,True
88,3,after_update,agent_002,Medium Risk,1.0,1.0,0.1,0.6667,0.6667,0.5,True
88,3,after_update,agent_003,Medium Risk,1.0,1.0,0.1,0.6667,0.6667,0.5,True
88,3,after_update,agent_004,Medium Risk,1.0,1.0,0.1,0.6667,0.6667,0.5,True
88,3,after_update,agent_005,Medium Risk,1.0,1.0,0.1,0.6667,0.6667,0.5,True
88,3,after_update,agent_006,Medium Risk,1.0,1.0,0.1,0.6667,0.6667,0.5,True
89,1,after_update,agent_001,Low Risk,1.0,1.0,1.0,0.4,0.4,0.4,False
89,1,after_update,agent_002,Low Risk,1.0,1.0,1.0,0.4,0.4,0.4,False
89,1,after_update,agent_003,Low Risk,1.0,1.0,1.0,0.4,0.4,0.4,False
89,1,after_update,agent_004,Low Risk,1.0,1.0,1.0,0.4,0.4,0.4,False
89,1,after_update,agent_005,Low Risk,1.0,1.0,1.0,0.4,0.4,0.4,False
89,1,after_update,agent_006,Low Risk,1.0,1.0,1.0,0.4,0.4,0.4,False
89,2,after_update,agent_001,Low Risk,1.0,1.0,1.0,0.4,0.4,0.4,False
89,2,after_update,agent_002,Low Risk,1.0,1.0,1.0,0.4,0.4,0.4,False
89,2,after_update,agent_003,Low Risk,1.0,1.0,1.0,0.4,0.4,0.4,False
89,2,after_update,agent_004,Low Risk,1.0,1.0,1.0,0.4,0.4,0.4,False
89,2,after_update,agent_005,Low Risk,1.0,1.0,1.0,0.4,0.4,0.4,False
89,2,after_update,agent_006,Low Risk,1.0,1.0,1.0,0.4,0.4,0.4,False
89,3,after_update,agent_001,Low Risk,1.0,1.0,1.0,0.4,0.4,0.4,False
89,3,after_update,agent_002,Low Risk,1.0,1.0,1.0,0.4,0.4,0.4,False
89,3,after_update,agent_003,Low Risk,1.0,1.0,1.0,0.4,0.4,0.4,False
89,3,after_update,agent_004,Low Risk,1.0,1.0,1.0,0.4,0.4,0.4,False
89,3,after_update,agent_005,Low Risk,1.0,1.0,1.0,0.4,0.4,0.4,False
89,3,after_update,agent_006,Low Risk,1.0,1.0,1.0,0.4,0.4,0.4,False
90,1,after_update,agent_001,Low Risk,1.0,1.0,1.0,0.4,0.4,0.4,False
90,1,after_update,agent_002,Low Risk,1.0,1.0,1.0,0.4,0.4,0.4,False
90,1,after_update,agent_003,Low Risk,1.0,1.0,1.0,0.4,0.4,0.4,False
90,1,after_update,agent_004,Low Risk,1.0,1.0,1.0,0.4,0.4,0.4,False
90,1,after_update,agent_005,Low Risk,1.0,1.0,1.0,0.4,0.4,0.4,False
90,1,after_update,agent_006,Low Risk,1.0,1.0,1.0,0.4,0.4,0.4,False
90,2,after_update,agent_001,Low Risk,1.0,1.0,1.0,0.4,0.4,0.4,False
90,2,after_update,agent_002,Low Risk,1.0,1.0,1.0,0.4,0.4,0.4,False
90,2,after_update,agent_003,Low Risk,1.0,1.0,1.0,0.4,0.4,0.4,False
90,2,after_update,agent_004,Low Risk,1.0,1.0,1.0,0.4,0.4,0.4,False
90,2,after_update,agent_005,Low Risk,1.0,1.0,1.0,0.4,0.4,0.4,False
90,2,after_update,agent_006,Low Risk,1.0,1.0,1.0,0.4,0.4,0.4,False
90,3,after_update,agent_001,Low Risk,1.0,1.0,1.0,0.4,0.4,0.4,False
90,3,after_update,agent_002,Low Risk,1.0,1.0,1.0,0.4,0.4,0.4,False
90,3,after_update,agent_003,Low Risk,1.0,1.0,1.0,0.4,0.4,0.4,False
90,3,after_update,agent_004,Low Risk,1.0,1.0,1.0,0.4,0.4,0.4,False
90,3,after_update,agent_005,Low Risk,1.0,1.0,1.0,0.4,0.4,0.4,False
90,3,after_update,agent_006,Low Risk,1.0,1.0,1.0,0.4,0.4,0.4,False
91,1,after_update,agent_001,Low Risk,1.0,1.0,1.0,0.4,0.4,0.4,False
91,1,after_update,agent_002,Low Risk,1.0,1.0,1.0,0.4,0.4,0.4,False
91,1,after_update,agent_003,Low Risk,1.0,1.0,1.0,0.4,0.4,0.4,False
91,1,after_update,agent_004,Low Risk,1.0,1.0,1.0,0.4,0.4,0.4,False
91,1,after_update,agent_005,Low Risk,1.0,1.0,1.0,0.4,0.4,0.4,False
91,1,after_update,agent_006,Low Risk,1.0,1.0,1.0,0.4,0.4,0.4,False
91,2,after_update,agent_001,Low Risk,1.0,1.0,1.0,0.4,0.4,0.4,False
91,2,after_update,agent_002,Low Risk,1.0,1.0,1.0,0.4,0.4,0.4,False
91,2,after_update,agent_003,Low Risk,1.0,1.0,1.0,0.4,0.4,0.4,False
91,2,after_update,agent_004,Low Risk,1.0,1.0,1.0,0.4,0.4,0.4,False
91,2,after_update,agent_005,Low Risk,1.0,1.0,1.0,0.4,0.4,0.4,False
91,2,after_update,agent_006,Low Risk,1.0,1.0,1.0,0.4,0.4,0.4,False
91,3,after_update,agent_001,Low Risk,1.0,1.0,1.0,0.4,0.4,0.4,False
91,3,after_update,agent_002,Low Risk,1.0,1.0,1.0,0.4,0.4,0.4,False
91,3,after_update,agent_003,Low Risk,1.0,1.0,1.0,0.4,0.4,0.4,False
91,3,after_update,agent_004,Low Risk,1.0,1.0,1.0,0.4,0.4,0.4,False
91,3,after_update,agent_005,Low Risk,1.0,1.0,1.0,0.4,0.4,0.4,False
91,3,after_update,agent_006,Low Risk,1.0,1.0,1.0,0.4,0.4,0.4,False
92,1,after_update,agent_001,Low Risk,1.0,1.0,1.0,0.4,0.4,0.4,False
92,1,after_update,agent_002,Low Risk,1.0,1.0,1.0,0.4,0.4,0.4,False
92,1,after_update,agent_003,Low Risk,1.0,1.0,1.0,0.4,0.4,0.4,False
92,1,after_update,agent_004,Low Risk,1.0,1.0,1.0,0.4,0.4,0.4,False
92,1,after_update,agent_005,Low Risk,1.0,1.0,1.0,0.4,0.4,0.4,False
92,1,after_update,agent_006,Low Risk,1.0,1.0,1.0,0.4,0.4,0.4,False
92,2,after_update,agent_001,Low Risk,1.0,1.0,1.0,0.4,0.4,0.4,False
92,2,after_update,agent_002,Low Risk,1.0,1.0,1.0,0.4,0.4,0.4,False
92,2,after_update,agent_003,Low Risk,1.0,1.0,1.0,0.4,0.4,0.4,False
92,2,after_update,agent_004,Low Risk,1.0,1.0,1.0,0.4,0.4,0.4,False
92,2,after_update,agent_005,Low Risk,1.0,1.0,1.0,0.4,0.4,0.4,False
92,2,after_update,agent_006,Low Risk,1.0,1.0,1.0,0.4,0.4,0.4,False
92,3,after_update,agent_001,Low Risk,1.0,1.0,1.0,0.4,0.4,0.4,False
92,3,after_update,agent_002,Low Risk,1.0,1.0,1.0,0.4,0.4,0.4,False
92,3,after_update,agent_003,Low Risk,1.0,1.0,1.0,0.4,0.4,0.4,False
92,3,after_update,agent_004,Low Risk,1.0,1.0,1.0,0.4,0.4,0.4,False
92,3,after_update,agent_005,Low Risk,1.0,1.0,1.0,0.4,0.4,0.4,False
92,3,after_update,agent_006,Low Risk,1.0,1.0,1.0,0.4,0.4,0.4,False
93,1,after_update,agent_001,Low Risk,1.0,1.0,1.0,0.4,0.4,0.4,False
93,1,after_update,agent_002,Low Risk,1.0,1.0,1.0,0.4,0.4,0.4,False
93,1,after_update,agent_003,Low Risk,1.0,1.0,1.0,0.4,0.4,0.4,False
93,1,after_update,agent_004,Low Risk,1.0,1.0,1.0,0.4,0.4,0.4,False
93,1,after_update,agent_005,Low Risk,1.0,1.0,1.0,0.4,0.4,0.4,False
93,1,after_update,agent_006,Low Risk,1.0,1.0,1.0,0.4,0.4,0.4,False
93,2,after_update,agent_001,Low Risk,1.0,1.0,1.0,0.4,0.4,0.4,False
93,2,after_update,agent_002,Low Risk,1.0,1.0,1.0,0.4,0.4,0.4,False
93,2,after_update,agent_003,Low Risk,1.0,1.0,1.0,0.4,0.4,0.4,False
93,2,after_update,agent_004,Low Risk,1.0,1.0,1.0,0.4,0.4,0.4,False
93,2,after_update,agent_005,Low Risk,1.0,1.0,1.0,0.4,0.4,0.4,False
93,2,after_update,agent_006,Low Risk,1.0,1.0,1.0,0.4,0.4,0.4,False
93,3,after_update,agent_001,Low Risk,1.0,1.0,1.0,0.4,0.4,0.4,False
93,3,after_update,agent_002,Low Risk,1.0,1.0,1.0,0.4,0.4,0.4,False
93,3,after_update,agent_003,Low Risk,1.0,1.0,1.0,0.4,0.4,0.4,False
93,3,after_update,agent_004,Low Risk,1.0,1.0,1.0,0.4,0.4,0.4,False
93,3,after_update,agent_005,Low Risk,1.0,1.0,1.0,0.4,0.4,0.4,False
93,3,after_update,agent_006,Low Risk,1.0,1.0,1.0,0.4,0.4,0.4,False
94,1,after_update,agent_001,Low Risk,1.0,1.0,1.0,0.4,0.4,0.4,False
94,1,after_update,agent_002,Low Risk,1.0,1.0,1.0,0.4,0.4,0.4,False
94,1,after_update,agent_003,Low Risk,1.0,1.0,1.0,0.4,0.4,0.4,False
94,1,after_update,agent_004,Low Risk,1.0,1.0,1.0,0.4,0.4,0.4,False
94,1,after_update,agent_005,Low Risk,1.0,1.0,1.0,0.4,0.4,0.4,False
94,1,after_update,agent_006,Low Risk,1.0,1.0,1.0,0.4,0.4,0.4,False
94,2,after_update,agent_001,Low Risk,1.0,1.0,1.0,0.4,0.4,0.4,False
94,2,after_update,agent_002,Low Risk,1.0,1.0,1.0,0.4,0.4,0.4,False
94,2,after_update,agent_003,Low Risk,1.0,1.0,1.0,0.4,0.4,0.4,False
94,2,after_update,agent_004,Low Risk,1.0,1.0,1.0,0.4,0.4,0.4,False
94,2,after_update,agent_005,Low Risk,1.0,1.0,1.0,0.4,0.4,0.4,False
94,2,after_update,agent_006,Low Risk,1.0,1.0,1.0,0.4,0.4,0.4,False
94,3,after_update,agent_001,Low Risk,1.0,1.0,1.0,0.4,0.4,0.4,False
94,3,after_update,agent_002,Low Risk,1.0,1.0,1.0,0.4,0.4,0.4,False
94,3,after_update,agent_003,Low Risk,1.0,1.0,1.0,0.4,0.4,0.4,False
94,3,after_update,agent_004,Low Risk,1.0,1.0,1.0,0.4,0.4,0.4,False
94,3,after_update,agent_005,Low Risk,1.0,1.0,1.0,0.4,0.4,0.4,False
94,3,after_update,agent_006,Low Risk,1.0,1.0,1.0,0.4,0.4,0.4,False
95,1,after_update,agent_001,Low Risk,1.0,1.0,1.0,0.4,0.4,0.4,False
95,1,after_update,agent_002,Low Risk,1.0,1.0,1.0,0.4,0.4,0.4,False
95,1,after_update,agent_003,Low Risk,1.0,1.0,1.0,0.4,0.4,0.4,False
95,1,after_update,agent_004,Low Risk,1.0,1.0,1.0,0.4,0.4,0.4,False
95,1,after_update,agent_005,Low Risk,1.0,1.0,1.0,0.4,0.4,0.4,False
95,1,after_update,agent_006,Low Risk,1.0,1.0,1.0,0.4,0.4,0.4,False
95,2,after_update,agent_001,Low Risk,1.0,1.0,1.0,0.4,0.4,0.4,False
95,2,after_update,agent_002,Low Risk,1.0,1.0,1.0,0.4,0.4,0.4,False
95,2,after_update,agent_003,Low Risk,1.0,1.0,1.0,0.4,0.4,0.4,False
95,2,after_update,agent_004,Low Risk,1.0,1.0,1.0,0.4,0.4,0.4,False
95,2,after_update,agent_005,Low Risk,1.0,1.0,1.0,0.4,0.4,0.4,False
95,2,after_update,agent_006,Low Risk,1.0,1.0,1.0,0.4,0.4,0.4,False
95,3,after_update,agent_001,Low Risk,1.0,1.0,1.0,0.4,0.4,0.4,False
95,3,after_update,agent_002,Low Risk,1.0,1.0,1.0,0.4,0.4,0.4,False
95,3,after_update,agent_003,Low Risk,1.0,1.0,1.0,0.4,0.4,0.4,False
95,3,after_update,agent_004,Low Risk,1.0,1.0,1.0,0.4,0.4,0.4,False
95,3,after_update,agent_005,Low Risk,1.0,1.0,1.0,0.4,0.4,0.4,False
95,3,after_update,agent_006,Low Risk,1.0,1.0,1.0,0.4,0.4,0.4,False
96,1,after_update,agent_001,Low Risk,1.0,1.0,1.0,0.4,0.4,0.4,False
96,1,after_update,agent_002,Low Risk,1.0,1.0,1.0,0.4,0.4,0.4,False
96,1,after_update,agent_003,Low Risk,1.0,1.0,1.0,0.4,0.4,0.4,False
96,1,after_update,agent_004,Low Risk,1.0,1.0,1.0,0.4,0.4,0.4,False
96,1,after_update,agent_005,Low Risk,1.0,1.0,1.0,0.4,0.4,0.4,False
96,1,after_update,agent_006,Low Risk,1.0,1.0,1.0,0.4,0.4,0.4,False
96,2,after_update,agent_001,Low Risk,1.0,1.0,1.0,0.4,0.4,0.4,False
96,2,after_update,agent_002,Low Risk,1.0,1.0,1.0,0.4,0.4,0.4,False
96,2,after_update,agent_003,Low Risk,1.0,1.0,1.0,0.4,0.4,0.4,False
96,2,after_update,agent_004,Low Risk,1.0,1.0,1.0,0.4,0.4,0.4,False
96,2,after_update,agent_005,Low Risk,1.0,1.0,1.0,0.4,0.4,0.4,False
96,2,after_update,agent_006,Low Risk,1.0,1.0,1.0,0.4,0.4,0.4,False
96,3,after_update,agent_001,Low Risk,1.0,1.0,1.0,0.4,0.4,0.4,False
96,3,after_update,agent_002,Low Risk,1.0,1.0,1.0,0.4,0.4,0.4,False
96,3,after_update,agent_003,Low Risk,1.0,1.0,1.0,0.4,0.4,0.4,False
96,3,after_update,agent_004,Low Risk,1.0,1.0,1.0,0.4,0.4,0.4,False
96,3,after_update,agent_005,Low Risk,1.0,1.0,1.0,0.4,0.4,0.4,False
96,3,after_update,agent_006,Low Risk,1.0,1.0,1.0,0.4,0.4,0.4,False
97,1,after_update,agent_001,Low Risk,1.0,1.0,1.0,0.4,0.4,0.4,False
97,1,after_update,agent_002,Low Risk,1.0,1.0,1.0,0.4,0.4,0.4,False
97,1,after_update,agent_003,Low Risk,1.0,1.0,1.0,0.4,0.4,0.4,False
97,1,after_update,agent_004,Low Risk,1.0,1.0,1.0,0.4,0.4,0.4,False
97,1,after_update,agent_005,Low Risk,1.0,1.0,1.0,0.4,0.4,0.4,False
97,1,after_update,agent_006,Low Risk,1.0,1.0,1.0,0.4,0.4,0.4,False
97,2,after_update,agent_001,Low Risk,1.0,1.0,1.0,0.4,0.4,0.4,False
97,2,after_update,agent_002,Low Risk,1.0,1.0,1.0,0.4,0.4,0.4,False
97,2,after_update,agent_003,Low Risk,1.0,1.0,1.0,0.4,0.4,0.4,False
97,2,after_update,agent_004,Low Risk,1.0,1.0,1.0,0.4,0.4,0.4,False
97,2,after_update,agent_005,Low Risk,1.0,1.0,1.0,0.4,0.4,0.4,False
97,2,after_update,agent_006,Low Risk,1.0,1.0,1.0,0.4,0.4,0.4,False
97,3,after_update,agent_001,Low Risk,1.0,1.0,1.0,0.4,0.4,0.4,False
97,3,after_update,agent_002,Low Risk,1.0,1.0,1.0,0.4,0.4,0.4,False
97,3,after_update,agent_003,Low Risk,1.0,1.0,1.0,0.4,0.4,0.4,False
97,3,after_update,agent_004,Low Risk,1.0,1.0,1.0,0.4,0.4,0.4,False
97,3,after_update,agent_005,Low Risk,1.0,1.0,1.0,0.4,0.4,0.4,False
97,3,after_update,agent_006,Low Risk,1.0,1.0,1.0,0.4,0.4,0.4,False
98,1,after_update,agent_001,Medium Risk,1.0,1.0,0.1,0.6667,0.6667,0.5,True
98,1,after_update,agent_002,Medium Risk,1.0,1.0,0.1,0.6667,0.6667,0.5,True
98,1,after_update,agent_003,Medium Risk,1.0,1.0,0.1,0.6667,0.6667,0.5,True
98,1,after_update,agent_004,Medium Risk,1.0,1.0,0.1,0.6667,0.6667,0.5,True
98,1,after_update,agent_005,Medium Risk,1.0,1.0,0.1,0.6667,0.6667,0.5,True
98,1,after_update,agent_006,Medium Risk,1.0,1.0,0.1,0.6667,0.6667,0.5,True
98,2,after_update,agent_001,Low Risk,1.0,1.0,0.6,0.4,0.4,0.4,False
98,2,after_update,agent_002,Low Risk,1.0,1.0,0.6,0.4,0.4,0.4,False
98,2,after_update,agent_003,Low Risk,1.0,1.0,0.6,0.4,0.4,0.4,False
98,2,after_update,agent_004,Low Risk,1.0,1.0,0.6,0.4,0.4,0.4,False
98,2,after_update,agent_005,Low Risk,1.0,1.0,0.6,0.4,0.4,0.4,False
98,2,after_update,agent_006,Low Risk,1.0,1.0,0.6,0.4,0.4,0.4,False
98,3,after_update,agent_001,Low Risk,1.0,1.0,0.7639,0.4,0.4,0.4,False
98,3,after_update,agent_002,Low Risk,1.0,1.0,0.7639,0.4,0.4,0.4,False
98,3,after_update,agent_003,Low Risk,1.0,1.0,0.7639,0.4,0.4,0.4,False
98,3,after_update,agent_004,Low Risk,1.0,1.0,0.7639,0.4,0.4,0.4,False
98,3,after_update,agent_005,Low Risk,1.0,1.0,0.7639,0.4,0.4,0.4,False
98,3,after_update,agent_006,Low Risk,1.0,1.0,0.7639,0.4,0.4,0.4,False
99,1,after_update,agent_001,Low Risk,1.0,1.0,1.0,0.4,0.4,0.4,False
99,1,after_update,agent_002,Low Risk,1.0,1.0,1.0,0.4,0.4,0.4,False
99,1,after_update,agent_003,Low Risk,1.0,1.0,1.0,0.4,0.4,0.4,False
99,1,after_update,agent_004,Low Risk,1.0,1.0,1.0,0.4,0.4,0.4,False
99,1,after_update,agent_005,Low Risk,1.0,1.0,1.0,0.4,0.4,0.4,False
99,1,after_update,agent_006,Low Risk,1.0,1.0,1.0,0.4,0.4,0.4,False
99,2,after_update,agent_001,Low Risk,1.0,1.0,1.0,0.4,0.4,0.4,False
99,2,after_update,agent_002,Low Risk,1.0,1.0,1.0,0.4,0.4,0.4,False
99,2,after_update,agent_003,Low Risk,1.0,1.0,1.0,0.4,0.4,0.4,False
99,2,after_update,agent_004,Low Risk,1.0,1.0,1.0,0.4,0.4,0.4,False
99,2,after_update,agent_005,Low Risk,1.0,1.0,1.0,0.4,0.4,0.4,False
99,2,after_update,agent_006,Low Risk,1.0,1.0,1.0,0.4,0.4,0.4,False
99,3,after_update,agent_001,Low Risk,1.0,1.0,1.0,0.4,0.4,0.4,False
99,3,after_update,agent_002,Low Risk,1.0,1.0,1.0,0.4,0.4,0.4,False
99,3,after_update,agent_003,Low Risk,1.0,1.0,1.0,0.4,0.4,0.4,False
99,3,after_update,agent_004,Low Risk,1.0,1.0,1.0,0.4,0.4,0.4,False
99,3,after_update,agent_005,Low Risk,1.0,1.0,1.0,0.4,0.4,0.4,False
99,3,after_update,agent_006,Low Risk,1.0,1.0,1.0,0.4,0.4,0.4,False
100,1,after_update,agent_001,Low Risk,1.0,1.0,1.0,0.4,0.4,0.4,False
100,1,after_update,agent_002,Low Risk,1.0,1.0,1.0,0.4,0.4,0.4,False
100,1,after_update,agent_003,Low Risk,1.0,1.0,1.0,0.4,0.4,0.4,False
100,1,after_update,agent_004,Low Risk,1.0,1.0,1.0,0.4,0.4,0.4,False
100,1,after_update,agent_005,Low Risk,1.0,1.0,1.0,0.4,0.4,0.4,False
100,1,after_update,agent_006,Low Risk,1.0,1.0,1.0,0.4,0.4,0.4,False
100,2,after_update,agent_001,Low Risk,1.0,1.0,1.0,0.4,0.4,0.4,False
100,2,after_update,agent_002,Low Risk,1.0,1.0,1.0,0.4,0.4,0.4,False
100,2,after_update,agent_003,Low Risk,1.0,1.0,1.0,0.4,0.4,0.4,False
100,2,after_update,agent_004,Low Risk,1.0,1.0,1.0,0.4,0.4,0.4,False
100,2,after_update,agent_005,Low Risk,1.0,1.0,1.0,0.4,0.4,0.4,False
100,2,after_update,agent_006,Low Risk,1.0,1.0,1.0,0.4,0.4,0.4,False
100,3,after_update,agent_001,Low Risk,1.0,1.0,1.0,0.4,0.4,0.4,False
100,3,after_update,agent_002,Low Risk,1.0,1.0,1.0,0.4,0.4,0.4,False
100,3,after_update,agent_003,Low Risk,1.0,1.0,1.0,0.4,0.4,0.4,False
100,3,after_update,agent_004,Low Risk,1.0,1.0,1.0,0.4,0.4,0.4,False
100,3,after_update,agent_005,Low Risk,1.0,1.0,1.0,0.4,0.4,0.4,False
100,3,after_update,agent_006,Low Risk,1.0,1.0,1.0,0.4,0.4,0.4,False
101,1,after_update,agent_001,Low Risk,1.0,1.0,1.0,0.4,0.4,0.4,False
101,1,after_update,agent_002,Low Risk,1.0,1.0,1.0,0.4,0.4,0.4,False
101,1,after_update,agent_003,Low Risk,1.0,1.0,1.0,0.4,0.4,0.4,False
101,1,after_update,agent_004,Low Risk,1.0,1.0,1.0,0.4,0.4,0.4,False
101,1,after_update,agent_005,Low Risk,1.0,1.0,1.0,0.4,0.4,0.4,False
101,1,after_update,agent_006,Low Risk,1.0,1.0,1.0,0.4,0.4,0.4,False
101,2,after_update,agent_001,Low Risk,1.0,1.0,1.0,0.4,0.4,0.4,False
101,2,after_update,agent_002,Low Risk,1.0,1.0,1.0,0.4,0.4,0.4,False
101,2,after_update,agent_003,Low Risk,1.0,1.0,1.0,0.4,0.4,0.4,False
101,2,after_update,agent_004,Low Risk,1.0,1.0,1.0,0.4,0.4,0.4,False
101,2,after_update,agent_005,Low Risk,1.0,1.0,1.0,0.4,0.4,0.4,False
101,2,after_update,agent_006,Low Risk,1.0,1.0,1.0,0.4,0.4,0.4,False
101,3,after_update,agent_001,Low Risk,1.0,1.0,1.0,0.4,0.4,0.4,False
101,3,after_update,agent_002,Low Risk,1.0,1.0,1.0,0.4,0.4,0.4,False
101,3,after_update,agent_003,Low Risk,1.0,1.0,1.0,0.4,0.4,0.4,False
101,3,after_update,agent_004,Low Risk,1.0,1.0,1.0,0.4,0.4,0.4,False
101,3,after_update,agent_005,Low Risk,1.0,1.0,1.0,0.4,0.4,0.4,False
101,3,after_update,agent_006,Low Risk,1.0,1.0,1.0,0.4,0.4,0.4,False
102,1,after_update,agent_001,Medium Risk,1.0,0.4,1.0,0.4,0.5,0.4,False
102,1,after_update,agent_002,Medium Risk,1.0,0.4,1.0,0.4,0.5,0.4,False
102,1,after_update,agent_003,High Risk,1.0,0.4,0.1,0.5,0.6,0.6,True
102,1,after_update,agent_004,Medium Risk,1.0,0.4,1.0,0.4,0.5,0.4,False
102,1,after_update,agent_005,High Risk,1.0,0.4,0.1,0.5,0.6,0.6,True
102,1,after_update,agent_006,High Risk,1.0,0.4,0.1,0.5,0.6,0.6,True
102,2,after_update,agent_001,Low Risk,1.0,1.0,1.0,0.4,0.4,0.4,False
102,2,after_update,agent_002,Low Risk,1.0,1.0,1.0,0.4,0.4,0.4,False
102,2,after_update,agent_004,Low Risk,1.0,1.0,1.0,0.4,0.4,0.4,False
102,3,after_update,agent_001,Low Risk,1.0,1.0,1.0,0.4,0.4,0.4,False
102,3,after_update,agent_002,Low Risk,1.0,1.0,1.0,0.4,0.4,0.4,False
102,3,after_update,agent_004,Low Risk,1.0,1.0,1.0,0.4,0.4,0.4,False
103,1,after_update,agent_001,Low Risk,1.0,1.0,1.0,0.4,0.4,0.4,False
103,1,after_update,agent_002,Low Risk,1.0,1.0,1.0,0.4,0.4,0.4,False
103,1,after_update,agent_003,Low Risk,1.0,1.0,1.0,0.4,0.4,0.4,False
103,1,after_update,agent_004,Low Risk,1.0,1.0,1.0,0.4,0.4,0.4,False
103,1,after_update,agent_005,Low Risk,1.0,1.0,1.0,0.4,0.4,0.4,False
103,1,after_update,agent_006,Low Risk,1.0,1.0,1.0,0.4,0.4,0.4,False
103,2,after_update,agent_001,Low Risk,1.0,1.0,1.0,0.4,0.4,0.4,False
103,2,after_update,agent_002,Low Risk,1.0,1.0,1.0,0.4,0.4,0.4,False
103,2,after_update,agent_003,Low Risk,1.0,1.0,1.0,0.4,0.4,0.4,False
103,2,after_update,agent_004,Low Risk,1.0,1.0,1.0,0.4,0.4,0.4,False
103,2,after_update,agent_005,Low Risk,1.0,1.0,1.0,0.4,0.4,0.4,False
103,2,after_update,agent_006,Low Risk,1.0,1.0,1.0,0.4,0.4,0.4,False
103,3,after_update,agent_001,Low Risk,1.0,1.0,1.0,0.4,0.4,0.4,False
103,3,after_update,agent_002,Low Risk,1.0,1.0,1.0,0.4,0.4,0.4,False
103,3,after_update,agent_003,Low Risk,1.0,1.0,1.0,0.4,0.4,0.4,False
103,3,after_update,agent_004,Low Risk,1.0,1.0,1.0,0.4,0.4,0.4,False
103,3,after_update,agent_005,Low Risk,1.0,1.0,1.0,0.4,0.4,0.4,False
103,3,after_update,agent_006,Low Risk,1.0,1.0,1.0,0.4,0.4,0.4,False
104,1,after_update,agent_001,Low Risk,1.0,1.0,1.0,0.4,0.4,0.4,False
104,1,after_update,agent_002,Low Risk,1.0,1.0,1.0,0.4,0.4,0.4,False
104,1,after_update,agent_003,Low Risk,1.0,1.0,1.0,0.4,0.4,0.4,False
104,1,after_update,agent_004,Low Risk,1.0,1.0,1.0,0.4,0.4,0.4,False
104,1,after_update,agent_005,Low Risk,1.0,1.0,1.0,0.4,0.4,0.4,False
104,1,after_update,agent_006,Low Risk,1.0,1.0,1.0,0.4,0.4,0.4,False
104,2,after_update,agent_001,Low Risk,1.0,1.0,1.0,0.4,0.4,0.4,False
104,2,after_update,agent_002,Low Risk,1.0,1.0,1.0,0.4,0.4,0.4,False
104,2,after_update,agent_003,Low Risk,1.0,1.0,1.0,0.4,0.4,0.4,False
104,2,after_update,agent_004,Low Risk,1.0,1.0,1.0,0.4,0.4,0.4,False
104,2,after_update,agent_005,Low Risk,1.0,1.0,1.0,0.4,0.4,0.4,False
104,2,after_update,agent_006,Low Risk,1.0,1.0,1.0,0.4,0.4,0.4,False
104,3,after_update,agent_001,Low Risk,1.0,1.0,1.0,0.4,0.4,0.4,False
104,3,after_update,agent_002,Low Risk,1.0,1.0,1.0,0.4,0.4,0.4,False
104,3,after_update,agent_003,Low Risk,1.0,1.0,1.0,0.4,0.4,0.4,False
104,3,after_update,agent_004,Low Risk,1.0,1.0,1.0,0.4,0.4,0.4,False
104,3,after_update,agent_005,Low Risk,1.0,1.0,1.0,0.4,0.4,0.4,False
104,3,after_update,agent_006,Low Risk,1.0,1.0,1.0,0.4,0.4,0.4,False
105,1,after_update,agent_001,Low Risk,1.0,1.0,1.0,0.4,0.4,0.4,False
105,1,after_update,agent_002,Low Risk,1.0,1.0,1.0,0.4,0.4,0.4,False
105,1,after_update,agent_003,Low Risk,1.0,1.0,1.0,0.4,0.4,0.4,False
105,1,after_update,agent_004,Low Risk,1.0,1.0,1.0,0.4,0.4,0.4,False
105,1,after_update,agent_005,Low Risk,1.0,1.0,1.0,0.4,0.4,0.4,False
105,1,after_update,agent_006,Low Risk,1.0,1.0,1.0,0.4,0.4,0.4,False
105,2,after_update,agent_001,Low Risk,1.0,1.0,1.0,0.4,0.4,0.4,False
105,2,after_update,agent_002,Low Risk,1.0,1.0,1.0,0.4,0.4,0.4,False
105,2,after_update,agent_003,Low Risk,1.0,1.0,1.0,0.4,0.4,0.4,False
105,2,after_update,agent_004,Low Risk,1.0,1.0,1.0,0.4,0.4,0.4,False
105,2,after_update,agent_005,Low Risk,1.0,1.0,1.0,0.4,0.4,0.4,False
105,2,after_update,agent_006,Low Risk,1.0,1.0,1.0,0.4,0.4,0.4,False
105,3,after_update,agent_001,Low Risk,1.0,1.0,1.0,0.4,0.4,0.4,False
105,3,after_update,agent_002,Low Risk,1.0,1.0,1.0,0.4,0.4,0.4,False
105,3,after_update,agent_003,Low Risk,1.0,1.0,1.0,0.4,0.4,0.4,False
105,3,after_update,agent_004,Low Risk,1.0,1.0,1.0,0.4,0.4,0.4,False
105,3,after_update,agent_005,Low Risk,1.0,1.0,1.0,0.4,0.4,0.4,False
105,3,after_update,agent_006,Low Risk,1.0,1.0,1.0,0.4,0.4,0.4,False
106,1,after_update,agent_001,Low Risk,1.0,1.0,1.0,0.4,0.4,0.4,False
106,1,after_update,agent_002,Low Risk,1.0,1.0,1.0,0.4,0.4,0.4,False
106,1,after_update,agent_003,Low Risk,1.0,1.0,1.0,0.4,0.4,0.4,False
106,1,after_update,agent_004,Low Risk,1.0,1.0,1.0,0.4,0.4,0.4,False
106,1,after_update,agent_005,Low Risk,1.0,1.0,1.0,0.4,0.4,0.4,False
106,1,after_update,agent_006,Low Risk,1.0,1.0,1.0,0.4,0.4,0.4,False
106,2,after_update,agent_001,Low Risk,1.0,1.0,1.0,0.4,0.4,0.4,False
106,2,after_update,agent_002,Low Risk,1.0,1.0,1.0,0.4,0.4,0.4,False
106,2,after_update,agent_003,Low Risk,1.0,1.0,1.0,0.4,0.4,0.4,False
106,2,after_update,agent_004,Low Risk,1.0,1.0,1.0,0.4,0.4,0.4,False
106,2,after_update,agent_005,Low Risk,1.0,1.0,1.0,0.4,0.4,0.4,False
106,2,after_update,agent_006,Low Risk,1.0,1.0,1.0,0.4,0.4,0.4,False
106,3,after_update,agent_001,Low Risk,1.0,1.0,1.0,0.4,0.4,0.4,False
106,3,after_update,agent_002,Low Risk,1.0,1.0,1.0,0.4,0.4,0.4,False
106,3,after_update,agent_003,Low Risk,1.0,1.0,1.0,0.4,0.4,0.4,False
106,3,after_update,agent_004,Low Risk,1.0,1.0,1.0,0.4,0.4,0.4,False
106,3,after_update,agent_005,Low Risk,1.0,1.0,1.0,0.4,0.4,0.4,False
106,3,after_update,agent_006,Low Risk,1.0,1.0,1.0,0.4,0.4,0.4,False
107,1,after_update,agent_001,Low Risk,1.0,1.0,1.0,0.4,0.4,0.4,False
107,1,after_update,agent_002,Low Risk,1.0,1.0,1.0,0.4,0.4,0.4,False
107,1,after_update,agent_003,Low Risk,1.0,1.0,1.0,0.4,0.4,0.4,False
107,1,after_update,agent_004,Low Risk,1.0,1.0,1.0,0.4,0.4,0.4,False
107,1,after_update,agent_005,Low Risk,1.0,1.0,1.0,0.4,0.4,0.4,False
107,1,after_update,agent_006,Low Risk,1.0,1.0,1.0,0.4,0.4,0.4,False
107,2,after_update,agent_001,Low Risk,1.0,1.0,1.0,0.4,0.4,0.4,False
107,2,after_update,agent_002,Low Risk,1.0,1.0,1.0,0.4,0.4,0.4,False
107,2,after_update,agent_003,Low Risk,1.0,1.0,1.0,0.4,0.4,0.4,False
107,2,after_update,agent_004,Low Risk,1.0,1.0,1.0,0.4,0.4,0.4,False
107,2,after_update,agent_005,Low Risk,1.0,1.0,1.0,0.4,0.4,0.4,False
107,2,after_update,agent_006,Low Risk,1.0,1.0,1.0,0.4,0.4,0.4,False
107,3,after_update,agent_001,Low Risk,1.0,1.0,1.0,0.4,0.4,0.4,False
107,3,after_update,agent_002,Low Risk,1.0,1.0,1.0,0.4,0.4,0.4,False
107,3,after_update,agent_003,Low Risk,1.0,1.0,1.0,0.4,0.4,0.4,False
107,3,after_update,agent_004,Low Risk,1.0,1.0,1.0,0.4,0.4,0.4,False
107,3,after_update,agent_005,Low Risk,1.0,1.0,1.0,0.4,0.4,0.4,False
107,3,after_update,agent_006,Low Risk,1.0,1.0,1.0,0.4,0.4,0.4,False
108,1,after_update,agent_001,Low Risk,1.0,1.0,1.0,0.4,0.4,0.4,False
108,1,after_update,agent_002,Low Risk,1.0,1.0,1.0,0.4,0.4,0.4,False
108,1,after_update,agent_003,Low Risk,1.0,1.0,1.0,0.4,0.4,0.4,False
108,1,after_update,agent_004,Low Risk,1.0,1.0,1.0,0.4,0.4,0.4,False
108,1,after_update,agent_005,Low Risk,1.0,1.0,1.0,0.4,0.4,0.4,False
108,1,after_update,agent_006,Low Risk,1.0,1.0,1.0,0.4,0.4,0.4,False
108,2,after_update,agent_001,Low Risk,1.0,1.0,1.0,0.4,0.4,0.4,False
108,2,after_update,agent_002,Low Risk,1.0,1.0,1.0,0.4,0.4,0.4,False
108,2,after_update,agent_003,Low Risk,1.0,1.0,1.0,0.4,0.4,0.4,False
108,2,after_update,agent_004,Low Risk,1.0,1.0,1.0,0.4,0.4,0.4,False
108,2,after_update,agent_005,Low Risk,1.0,1.0,1.0,0.4,0.4,0.4,False
108,2,after_update,agent_006,Low Risk,1.0,1.0,1.0,0.4,0.4,0.4,False
108,3,after_update,agent_001,Low Risk,1.0,1.0,1.0,0.4,0.4,0.4,False
108,3,after_update,agent_002,Low Risk,1.0,1.0,1.0,0.4,0.4,0.4,False
108,3,after_update,agent_003,Low Risk,1.0,1.0,1.0,0.4,0.4,0.4,False
108,3,after_update,agent_004,Low Risk,1.0,1.0,1.0,0.4,0.4,0.4,False
108,3,after_update,agent_005,Low Risk,1.0,1.0,1.0,0.4,0.4,0.4,False
108,3,after_update,agent_006,Low Risk,1.0,1.0,1.0,0.4,0.4,0.4,False
109,1,after_update,agent_001,Low Risk,1.0,1.0,1.0,0.4,0.4,0.4,False
109,1,after_update,agent_002,Low Risk,1.0,1.0,1.0,0.4,0.4,0.4,False
109,1,after_update,agent_003,Low Risk,1.0,1.0,1.0,0.4,0.4,0.4,False
109,1,after_update,agent_004,Low Risk,1.0,1.0,1.0,0.4,0.4,0.4,False
109,1,after_update,agent_005,Low Risk,1.0,1.0,1.0,0.4,0.4,0.4,False
109,1,after_update,agent_006,Low Risk,1.0,1.0,1.0,0.4,0.4,0.4,False
109,2,after_update,agent_001,Low Risk,1.0,1.0,1.0,0.4,0.4,0.4,False
109,2,after_update,agent_002,Low Risk,1.0,1.0,1.0,0.4,0.4,0.4,False
109,2,after_update,agent_003,Low Risk,1.0,1.0,1.0,0.4,0.4,0.4,False
109,2,after_update,agent_004,Low Risk,1.0,1.0,1.0,0.4,0.4,0.4,False
109,2,after_update,agent_005,Low Risk,1.0,1.0,1.0,0.4,0.4,0.4,False
109,2,after_update,agent_006,Low Risk,1.0,1.0,1.0,0.4,0.4,0.4,False
109,3,after_update,agent_001,Low Risk,1.0,1.0,1.0,0.4,0.4,0.4,False
109,3,after_update,agent_002,Low Risk,1.0,1.0,1.0,0.4,0.4,0.4,False
109,3,after_update,agent_003,Low Risk,1.0,1.0,1.0,0.4,0.4,0.4,False
109,3,after_update,agent_004,Low Risk,1.0,1.0,1.0,0.4,0.4,0.4,False
109,3,after_update,agent_005,Low Risk,1.0,1.0,1.0,0.4,0.4,0.4,False
109,3,after_update,agent_006,Low Risk,1.0,1.0,1.0,0.4,0.4,0.4,False
110,1,after_update,agent_001,Medium Risk,1.0,0.4,1.0,0.4,0.5,0.4,False
110,1,after_update,agent_002,Medium Risk,1.0,0.4,1.0,0.4,0.5,0.4,False
110,1,after_update,agent_003,High Risk,1.0,0.4,0.1,0.5,0.6,0.6,True
110,1,after_update,agent_004,High Risk,1.0,0.4,0.1,0.5,0.6,0.6,True
110,1,after_update,agent_005,Medium Risk,1.0,0.4,1.0,0.4,0.5,0.4,False
110,1,after_update,agent_006,High Risk,1.0,0.4,0.1,0.5,0.6,0.6,True
110,2,after_update,agent_001,Low Risk,1.0,1.0,1.0,0.4,0.4,0.4,False
110,2,after_update,agent_002,Low Risk,1.0,1.0,1.0,0.4,0.4,0.4,False
110,2,after_update,agent_005,Low Risk,1.0,1.0,1.0,0.4,0.4,0.4,False
110,3,after_update,agent_001,Low Risk,1.0,1.0,1.0,0.4,0.4,0.4,False
110,3,after_update,agent_002,Low Risk,1.0,1.0,1.0,0.4,0.4,0.4,False
110,3,after_update,agent_005,Low Risk,1.0,1.0,1.0,0.4,0.4,0.4,False
111,1,after_update,agent_001,Low Risk,1.0,1.0,1.0,0.4,0.4,0.4,False
111,1,after_update,agent_002,Low Risk,1.0,1.0,1.0,0.4,0.4,0.4,False
111,1,after_update,agent_003,Low Risk,1.0,1.0,1.0,0.4,0.4,0.4,False
111,1,after_update,agent_004,Low Risk,1.0,1.0,1.0,0.4,0.4,0.4,False
111,1,after_update,agent_005,Low Risk,1.0,1.0,1.0,0.4,0.4,0.4,False
111,1,after_update,agent_006,Low Risk,1.0,1.0,1.0,0.4,0.4,0.4,False
111,2,after_update,agent_001,Low Risk,1.0,1.0,1.0,0.4,0.4,0.4,False
111,2,after_update,agent_002,Low Risk,1.0,1.0,1.0,0.4,0.4,0.4,False
111,2,after_update,agent_003,Low Risk,1.0,1.0,1.0,0.4,0.4,0.4,False
111,2,after_update,agent_004,Low Risk,1.0,1.0,1.0,0.4,0.4,0.4,False
111,2,after_update,agent_005,Low Risk,1.0,1.0,1.0,0.4,0.4,0.4,False
111,2,after_update,agent_006,Low Risk,1.0,1.0,1.0,0.4,0.4,0.4,False
111,3,after_update,agent_001,Low Risk,1.0,1.0,1.0,0.4,0.4,0.4,False
111,3,after_update,agent_002,Low Risk,1.0,1.0,1.0,0.4,0.4,0.4,False
111,3,after_update,agent_003,Low Risk,1.0,1.0,1.0,0.4,0.4,0.4,False
111,3,after_update,agent_004,Low Risk,1.0,1.0,1.0,0.4,0.4,0.4,False
111,3,after_update,agent_005,Low Risk,1.0,1.0,1.0,0.4,0.4,0.4,False
111,3,after_update,agent_006,Low Risk,1.0,1.0,1.0,0.4,0.4,0.4,False
112,1,after_update,agent_001,Low Risk,1.0,1.0,1.0,0.4,0.4,0.4,False
112,1,after_update,agent_002,Low Risk,1.0,1.0,1.0,0.4,0.4,0.4,False
112,1,after_update,agent_003,Low Risk,1.0,1.0,1.0,0.4,0.4,0.4,False
112,1,after_update,agent_004,Low Risk,1.0,1.0,1.0,0.4,0.4,0.4,False
112,1,after_update,agent_005,Low Risk,1.0,1.0,1.0,0.4,0.4,0.4,False
112,1,after_update,agent_006,Low Risk,1.0,1.0,1.0,0.4,0.4,0.4,False
112,2,after_update,agent_001,Low Risk,1.0,1.0,1.0,0.4,0.4,0.4,False
112,2,after_update,agent_002,Low Risk,1.0,1.0,1.0,0.4,0.4,0.4,False
112,2,after_update,agent_003,Low Risk,1.0,1.0,1.0,0.4,0.4,0.4,False
112,2,after_update,agent_004,Low Risk,1.0,1.0,1.0,0.4,0.4,0.4,False
112,2,after_update,agent_005,Low Risk,1.0,1.0,1.0,0.4,0.4,0.4,False
112,2,after_update,agent_006,Low Risk,1.0,1.0,1.0,0.4,0.4,0.4,False
112,3,after_update,agent_001,Low Risk,1.0,1.0,1.0,0.4,0.4,0.4,False
112,3,after_update,agent_002,Low Risk,1.0,1.0,1.0,0.4,0.4,0.4,False
112,3,after_update,agent_003,Low Risk,1.0,1.0,1.0,0.4,0.4,0.4,False
112,3,after_update,agent_004,Low Risk,1.0,1.0,1.0,0.4,0.4,0.4,False
112,3,after_update,agent_005,Low Risk,1.0,1.0,1.0,0.4,0.4,0.4,False
112,3,after_update,agent_006,Low Risk,1.0,1.0,1.0,0.4,0.4,0.4,False
113,1,after_update,agent_001,Low Risk,1.0,1.0,1.0,0.4,0.4,0.4,False
113,1,after_update,agent_002,Low Risk,1.0,1.0,1.0,0.4,0.4,0.4,False
113,1,after_update,agent_003,Low Risk,1.0,1.0,1.0,0.4,0.4,0.4,False
113,1,after_update,agent_004,Low Risk,1.0,1.0,1.0,0.4,0.4,0.4,False
113,1,after_update,agent_005,Low Risk,1.0,1.0,1.0,0.4,0.4,0.4,False
113,1,after_update,agent_006,Low Risk,1.0,1.0,1.0,0.4,0.4,0.4,False
113,2,after_update,agent_001,Low Risk,1.0,1.0,1.0,0.4,0.4,0.4,False
113,2,after_update,agent_002,Low Risk,1.0,1.0,1.0,0.4,0.4,0.4,False
113,2,after_update,agent_003,Low Risk,1.0,1.0,1.0,0.4,0.4,0.4,False
113,2,after_update,agent_004,Low Risk,1.0,1.0,1.0,0.4,0.4,0.4,False
113,2,after_update,agent_005,Low Risk,1.0,1.0,1.0,0.4,0.4,0.4,False
113,2,after_update,agent_006,Low Risk,1.0,1.0,1.0,0.4,0.4,0.4,False
113,3,after_update,agent_001,Low Risk,1.0,1.0,1.0,0.4,0.4,0.4,False
113,3,after_update,agent_002,Low Risk,1.0,1.0,1.0,0.4,0.4,0.4,False
113,3,after_update,agent_003,Low Risk,1.0,1.0,1.0,0.4,0.4,0.4,False
113,3,after_update,agent_004,Low Risk,1.0,1.0,1.0,0.4,0.4,0.4,False
113,3,after_update,agent_005,Low Risk,1.0,1.0,1.0,0.4,0.4,0.4,False
113,3,after_update,agent_006,Low Risk,1.0,1.0,1.0,0.4,0.4,0.4,False
114,1,after_update,agent_001,High Risk,1.0,0.2,0.1,0.5,0.6,0.6,True
114,1,after_update,agent_002,Low Risk,1.0,0.6,1.0,0.4,0.4,0.4,False
114,1,after_update,agent_003,Low Risk,1.0,0.6,1.0,0.4,0.4,0.4,False
114,1,after_update,agent_004,Low Risk,1.0,0.6,1.0,0.4,0.4,0.4,False
114,1,after_update,agent_005,Low Risk,1.0,0.6,1.0,0.4,0.4,0.4,False
114,1,after_update,agent_006,High Risk,1.0,0.2,0.1,0.5,0.6,0.6,True
114,2,after_update,agent_002,Low Risk,1.0,1.0,1.0,0.4,0.4,0.4,False
114,2,after_update,agent_003,Low Risk,1.0,1.0,1.0,0.4,0.4,0.4,False
114,2,after_update,agent_004,Low Risk,1.0,1.0,1.0,0.4,0.4,0.4,False
114,2,after_update,agent_005,Low Risk,1.0,1.0,1.0,0.4,0.4,0.4,False
114,3,after_update,agent_002,Low Risk,1.0,1.0,1.0,0.4,0.4,0.4,False
114,3,after_update,agent_003,Low Risk,1.0,1.0,1.0,0.4,0.4,0.4,False
114,3,after_update,agent_004,Low Risk,1.0,1.0,1.0,0.4,0.4,0.4,False
114,3,after_update,agent_005,Low Risk,1.0,1.0,1.0,0.4,0.4,0.4,False
115,1,after_update,agent_001,Low Risk,1.0,1.0,1.0,0.4,0.4,0.4,False
115,1,after_update,agent_002,Low Risk,1.0,1.0,1.0,0.4,0.4,0.4,False
115,1,after_update,agent_003,Low Risk,1.0,1.0,1.0,0.4,0.4,0.4,False
115,1,after_update,agent_004,Low Risk,1.0,1.0,1.0,0.4,0.4,0.4,False
115,1,after_update,agent_005,Low Risk,1.0,1.0,1.0,0.4,0.4,0.4,False
115,1,after_update,agent_006,Low Risk,1.0,1.0,1.0,0.4,0.4,0.4,False
115,2,after_update,agent_001,Low Risk,1.0,1.0,1.0,0.4,0.4,0.4,False
115,2,after_update,agent_002,Low Risk,1.0,1.0,1.0,0.4,0.4,0.4,False
115,2,after_update,agent_003,Low Risk,1.0,1.0,1.0,0.4,0.4,0.4,False
115,2,after_update,agent_004,Low Risk,1.0,1.0,1.0,0.4,0.4,0.4,False
115,2,after_update,agent_005,Low Risk,1.0,1.0,1.0,0.4,0.4,0.4,False
115,2,after_update,agent_006,Low Risk,1.0,1.0,1.0,0.4,0.4,0.4,False
115,3,after_update,agent_001,Low Risk,1.0,1.0,1.0,0.4,0.4,0.4,False
115,3,after_update,agent_002,Low Risk,1.0,1.0,1.0,0.4,0.4,0.4,False
115,3,after_update,agent_003,Low Risk,1.0,1.0,1.0,0.4,0.4,0.4,False
115,3,after_update,agent_004,Low Risk,1.0,1.0,1.0,0.4,0.4,0.4,False
115,3,after_update,agent_005,Low Risk,1.0,1.0,1.0,0.4,0.4,0.4,False
115,3,after_update,agent_006,Low Risk,1.0,1.0,1.0,0.4,0.4,0.4,False
116,1,after_update,agent_001,Low Risk,1.0,1.0,1.0,0.4,0.4,0.4,False
116,1,after_update,agent_002,Low Risk,1.0,1.0,1.0,0.4,0.4,0.4,False
116,1,after_update,agent_003,Low Risk,1.0,1.0,1.0,0.4,0.4,0.4,False
116,1,after_update,agent_004,Low Risk,1.0,1.0,1.0,0.4,0.4,0.4,False
116,1,after_update,agent_005,Low Risk,1.0,1.0,1.0,0.4,0.4,0.4,False
116,1,after_update,agent_006,Low Risk,1.0,1.0,1.0,0.4,0.4,0.4,False
116,2,after_update,agent_001,Low Risk,1.0,1.0,1.0,0.4,0.4,0.4,False
116,2,after_update,agent_002,Low Risk,1.0,1.0,1.0,0.4,0.4,0.4,False
116,2,after_update,agent_003,Low Risk,1.0,1.0,1.0,0.4,0.4,0.4,False
116,2,after_update,agent_004,Low Risk,1.0,1.0,1.0,0.4,0.4,0.4,False
116,2,after_update,agent_005,Low Risk,1.0,1.0,1.0,0.4,0.4,0.4,False
116,2,after_update,agent_006,Low Risk,1.0,1.0,1.0,0.4,0.4,0.4,False
116,3,after_update,agent_001,Low Risk,1.0,1.0,1.0,0.4,0.4,0.4,False
116,3,after_update,agent_002,Low Risk,1.0,1.0,1.0,0.4,0.4,0.4,False
116,3,after_update,agent_003,Low Risk,1.0,1.0,1.0,0.4,0.4,0.4,False
116,3,after_update,agent_004,Low Risk,1.0,1.0,1.0,0.4,0.4,0.4,False
116,3,after_update,agent_005,Low Risk,1.0,1.0,1.0,0.4,0.4,0.4,False
116,3,after_update,agent_006,Low Risk,1.0,1.0,1.0,0.4,0.4,0.4,False
117,1,after_update,agent_001,Medium Risk,1.0,1.0,0.1,0.6667,0.6667,0.5,True
117,1,after_update,agent_002,Medium Risk,1.0,1.0,0.1,0.6667,0.6667,0.5,True
117,1,after_update,agent_003,Medium Risk,1.0,1.0,0.1,0.6667,0.6667,0.5,True
117,1,after_update,agent_004,Medium Risk,1.0,1.0,0.1,0.6667,0.6667,0.5,True
117,1,after_update,agent_005,Medium Risk,1.0,1.0,0.1,0.6667,0.6667,0.5,True
117,1,after_update,agent_006,Medium Risk,1.0,1.0,0.1,0.6667,0.6667,0.5,True
117,2,after_update,agent_001,Medium Risk,1.0,1.0,0.1,0.6667,0.6667,0.5,True
117,2,after_update,agent_002,Medium Risk,1.0,1.0,0.1,0.6667,0.6667,0.5,True
117,2,after_update,agent_003,Medium Risk,1.0,1.0,0.1,0.6667,0.6667,0.5,True
117,2,after_update,agent_004,Medium Risk,1.0,1.0,0.1,0.6667,0.6667,0.5,True
117,2,after_update,agent_005,Medium Risk,1.0,1.0,0.1,0.6667,0.6667,0.5,True
117,2,after_update,agent_006,Medium Risk,1.0,1.0,0.1,0.6667,0.6667,0.5,True
117,3,after_update,agent_001,Medium Risk,1.0,1.0,0.1,0.6667,0.6667,0.5,True
117,3,after_update,agent_002,Medium Risk,1.0,1.0,0.1,0.6667,0.6667,0.5,True
117,3,after_update,agent_003,Medium Risk,1.0,1.0,0.1,0.6667,0.6667,0.5,True
117,3,after_update,agent_004,Medium Risk,1.0,1.0,0.1,0.6667,0.6667,0.5,True
117,3,after_update,agent_005,Medium Risk,1.0,1.0,0.1,0.6667,0.6667,0.5,True
117,3,after_update,agent_006,Medium Risk,1.0,1.0,0.1,0.6667,0.6667,0.5,True
118,1,after_update,agent_001,Low Risk,1.0,1.0,1.0,0.4,0.4,0.4,False
118,1,after_update,agent_002,Low Risk,1.0,1.0,1.0,0.4,0.4,0.4,False
118,1,after_update,agent_003,Low Risk,1.0,1.0,1.0,0.4,0.4,0.4,False
118,1,after_update,agent_004,Low Risk,1.0,1.0,1.0,0.4,0.4,0.4,False
118,1,after_update,agent_005,Low Risk,1.0,1.0,1.0,0.4,0.4,0.4,False
118,1,after_update,agent_006,Low Risk,1.0,1.0,1.0,0.4,0.4,0.4,False
118,2,after_update,agent_001,Low Risk,1.0,1.0,1.0,0.4,0.4,0.4,False
118,2,after_update,agent_002,Low Risk,1.0,1.0,1.0,0.4,0.4,0.4,False
118,2,after_update,agent_003,Low Risk,1.0,1.0,1.0,0.4,0.4,0.4,False
118,2,after_update,agent_004,Low Risk,1.0,1.0,1.0,0.4,0.4,0.4,False
118,2,after_update,agent_005,Low Risk,1.0,1.0,1.0,0.4,0.4,0.4,False
118,2,after_update,agent_006,Low Risk,1.0,1.0,1.0,0.4,0.4,0.4,False
118,3,after_update,agent_001,Low Risk,1.0,1.0,1.0,0.4,0.4,0.4,False
118,3,after_update,agent_002,Low Risk,1.0,1.0,1.0,0.4,0.4,0.4,False
118,3,after_update,agent_003,Low Risk,1.0,1.0,1.0,0.4,0.4,0.4,False
118,3,after_update,agent_004,Low Risk,1.0,1.0,1.0,0.4,0.4,0.4,False
118,3,after_update,agent_005,Low Risk,1.0,1.0,1.0,0.4,0.4,0.4,False
118,3,after_update,agent_006,Low Risk,1.0,1.0,1.0,0.4,0.4,0.4,False
119,1,after_update,agent_001,Low Risk,1.0,1.0,1.0,0.4,0.4,0.4,False
119,1,after_update,agent_002,Low Risk,1.0,1.0,1.0,0.4,0.4,0.4,False
119,1,after_update,agent_003,Low Risk,1.0,1.0,1.0,0.4,0.4,0.4,False
119,1,after_update,agent_004,Low Risk,1.0,1.0,1.0,0.4,0.4,0.4,False
119,1,after_update,agent_005,Low Risk,1.0,1.0,1.0,0.4,0.4,0.4,False
119,1,after_update,agent_006,Low Risk,1.0,1.0,1.0,0.4,0.4,0.4,False
119,2,after_update,agent_001,Low Risk,1.0,1.0,1.0,0.4,0.4,0.4,False
119,2,after_update,agent_002,Low Risk,1.0,1.0,1.0,0.4,0.4,0.4,False
119,2,after_update,agent_003,Low Risk,1.0,1.0,1.0,0.4,0.4,0.4,False
119,2,after_update,agent_004,Low Risk,1.0,1.0,1.0,0.4,0.4,0.4,False
119,2,after_update,agent_005,Low Risk,1.0,1.0,1.0,0.4,0.4,0.4,False
119,2,after_update,agent_006,Low Risk,1.0,1.0,1.0,0.4,0.4,0.4,False
119,3,after_update,agent_001,Low Risk,1.0,1.0,1.0,0.4,0.4,0.4,False
119,3,after_update,agent_002,Low Risk,1.0,1.0,1.0,0.4,0.4,0.4,False
119,3,after_update,agent_003,Low Risk,1.0,1.0,1.0,0.4,0.4,0.4,False
119,3,after_update,agent_004,Low Risk,1.0,1.0,1.0,0.4,0.4,0.4,False
119,3,after_update,agent_005,Low Risk,1.0,1.0,1.0,0.4,0.4,0.4,False
119,3,after_update,agent_006,Low Risk,1.0,1.0,1.0,0.4,0.4,0.4,False
120,1,after_update,agent_001,Low Risk,1.0,1.0,1.0,0.4,0.4,0.4,False
120,1,after_update,agent_002,Low Risk,1.0,1.0,1.0,0.4,0.4,0.4,False
120,1,after_update,agent_003,Low Risk,1.0,1.0,1.0,0.4,0.4,0.4,False
120,1,after_update,agent_004,Low Risk,1.0,1.0,1.0,0.4,0.4,0.4,False
120,1,after_update,agent_005,Low Risk,1.0,1.0,1.0,0.4,0.4,0.4,False
120,1,after_update,agent_006,Low Risk,1.0,1.0,1.0,0.4,0.4,0.4,False
120,2,after_update,agent_001,Low Risk,1.0,1.0,1.0,0.4,0.4,0.4,False
120,2,after_update,agent_002,Low Risk,1.0,1.0,1.0,0.4,0.4,0.4,False
120,2,after_update,agent_003,Low Risk,1.0,1.0,1.0,0.4,0.4,0.4,False
120,2,after_update,agent_004,Low Risk,1.0,1.0,1.0,0.4,0.4,0.4,False
120,2,after_update,agent_005,Low Risk,1.0,1.0,1.0,0.4,0.4,0.4,False
120,2,after_update,agent_006,Low Risk,1.0,1.0,1.0,0.4,0.4,0.4,False
120,3,after_update,agent_001,Low Risk,1.0,1.0,1.0,0.4,0.4,0.4,False
120,3,after_update,agent_002,Low Risk,1.0,1.0,1.0,0.4,0.4,0.4,False
120,3,after_update,agent_003,Low Risk,1.0,1.0,1.0,0.4,0.4,0.4,False
120,3,after_update,agent_004,Low Risk,1.0,1.0,1.0,0.4,0.4,0.4,False
120,3,after_update,agent_005,Low Risk,1.0,1.0,1.0,0.4,0.4,0.4,False
120,3,after_update,agent_006,Low Risk,1.0,1.0,1.0,0.4,0.4,0.4,False
121,1,after_update,agent_001,Medium Risk,1.0,0.2,1.0,0.4,0.5,0.4,False
121,1,after_update,agent_002,Medium Risk,1.0,0.2,1.0,0.4,0.5,0.4,False
121,1,after_update,agent_003,High Risk,1.0,0.6,0.1,0.6667,0.6667,0.5,True
121,1,after_update,agent_004,High Risk,1.0,0.6,0.1,0.6667,0.6667,0.5,True
121,1,after_update,agent_005,High Risk,1.0,0.6,0.1,0.6667,0.6667,0.5,True
121,1,after_update,agent_006,High Risk,1.0,0.6,0.1,0.6667,0.6667,0.5,True
121,2,after_update,agent_001,Low Risk,1.0,1.0,1.0,0.4,0.4,0.4,False
121,2,after_update,agent_002,Low Risk,1.0,1.0,1.0,0.4,0.4,0.4,False
121,3,after_update,agent_001,Low Risk,1.0,1.0,1.0,0.4,0.4,0.4,False
121,3,after_update,agent_002,Low Risk,1.0,1.0,1.0,0.4,0.4,0.4,False
122,1,after_update,agent_001,Medium Risk,1.0,0.2,1.0,0.4,0.5,0.4,False
122,1,after_update,agent_002,High Risk,1.0,0.6,0.1,0.6667,0.6667,0.5,True
122,1,after_update,agent_003,Medium Risk,1.0,0.2,1.0,0.4,0.5,0.4,False
122,1,after_update,agent_004,High Risk,1.0,0.6,0.1,0.6667,0.6667,0.5,True
122,1,after_update,agent_005,High Risk,1.0,0.6,0.1,0.6667,0.6667,0.5,True
122,1,after_update,agent_006,High Risk,1.0,0.6,0.1,0.6667,0.6667,0.5,True
122,2,after_update,agent_001,Low Risk,1.0,1.0,1.0,0.4,0.4,0.4,False
122,2,after_update,agent_003,Low Risk,1.0,1.0,1.0,0.4,0.4,0.4,False
122,3,after_update,agent_001,Low Risk,1.0,1.0,1.0,0.4,0.4,0.4,False
122,3,after_update,agent_003,Low Risk,1.0,1.0,1.0,0.4,0.4,0.4,False
123,1,after_update,agent_001,Low Risk,1.0,0.6,1.0,0.4,0.4,0.4,False
123,1,after_update,agent_002,Low Risk,1.0,0.6,1.0,0.4,0.4,0.4,False
123,1,after_update,agent_003,High Risk,1.0,0.2,0.1,0.5,0.6,0.6,True
123,1,after_update,agent_004,Low Risk,1.0,0.6,1.0,0.4,0.4,0.4,False
123,1,after_update,agent_005,Low Risk,1.0,0.6,1.0,0.4,0.4,0.4,False
123,1,after_update,agent_006,High Risk,1.0,0.2,0.1,0.5,0.6,0.6,True
123,2,after_update,agent_001,Low Risk,1.0,1.0,1.0,0.4,0.4,0.4,False
123,2,after_update,agent_002,Low Risk,1.0,1.0,1.0,0.4,0.4,0.4,False
123,2,after_update,agent_004,Low Risk,1.0,1.0,1.0,0.4,0.4,0.4,False
123,2,after_update,agent_005,Low Risk,1.0,1.0,1.0,0.4,0.4,0.4,False
123,3,after_update,agent_001,Low Risk,1.0,1.0,1.0,0.4,0.4,0.4,False
123,3,after_update,agent_002,Low Risk,1.0,1.0,1.0,0.4,0.4,0.4,False
123,3,after_update,agent_004,Low Risk,1.0,1.0,1.0,0.4,0.4,0.4,False
123,3,after_update,agent_005,Low Risk,1.0,1.0,1.0,0.4,0.4,0.4,False
124,1,after_update,agent_001,Low Risk,1.0,1.0,1.0,0.4,0.4,0.4,False
124,1,after_update,agent_002,Low Risk,1.0,1.0,1.0,0.4,0.4,0.4,False
124,1,after_update,agent_003,Low Risk,1.0,1.0,1.0,0.4,0.4,0.4,False
124,1,after_update,agent_004,Low Risk,1.0,1.0,1.0,0.4,0.4,0.4,False
124,1,after_update,agent_005,Low Risk,1.0,1.0,1.0,0.4,0.4,0.4,False
124,1,after_update,agent_006,Low Risk,1.0,1.0,1.0,0.4,0.4,0.4,False
124,2,after_update,agent_001,Low Risk,1.0,1.0,1.0,0.4,0.4,0.4,False
124,2,after_update,agent_002,Low Risk,1.0,1.0,1.0,0.4,0.4,0.4,False
124,2,after_update,agent_003,Low Risk,1.0,1.0,1.0,0.4,0.4,0.4,False
124,2,after_update,agent_004,Low Risk,1.0,1.0,1.0,0.4,0.4,0.4,False
124,2,after_update,agent_005,Low Risk,1.0,1.0,1.0,0.4,0.4,0.4,False
124,2,after_update,agent_006,Low Risk,1.0,1.0,1.0,0.4,0.4,0.4,False
124,3,after_update,agent_001,Low Risk,1.0,1.0,1.0,0.4,0.4,0.4,False
124,3,after_update,agent_002,Low Risk,1.0,1.0,1.0,0.4,0.4,0.4,False
124,3,after_update,agent_003,Low Risk,1.0,1.0,1.0,0.4,0.4,0.4,False
124,3,after_update,agent_004,Low Risk,1.0,1.0,1.0,0.4,0.4,0.4,False
124,3,after_update,agent_005,Low Risk,1.0,1.0,1.0,0.4,0.4,0.4,False
124,3,after_update,agent_006,Low Risk,1.0,1.0,1.0,0.4,0.4,0.4,False
