问题编号,轮次,评估阶段,Agent ID,风险等级,u_t,c_t,s_t,tau_u,tau_c,tau_s,是否幻觉
0,1,before_update,agent_001,Low Risk,1.0,1.0,1.0,0.5,0.5,0.5,False
0,1,before_update,agent_002,Low Risk,1.0,1.0,1.0,0.5,0.5,0.5,False
0,1,before_update,agent_003,Low Risk,1.0,1.0,1.0,0.5,0.5,0.5,False
0,1,before_update,agent_004,Low Risk,1.0,1.0,1.0,0.5,0.5,0.5,False
0,1,before_update,agent_005,Low Risk,1.0,1.0,1.0,0.5,0.5,0.5,False
0,1,before_update,agent_006,Low Risk,1.0,1.0,1.0,0.5,0.5,0.5,False
0,1,after_update,agent_001,Low Risk,1.0,1.0,1.0,0.4,0.4,0.4,False
0,1,after_update,agent_002,Low Risk,1.0,1.0,1.0,0.4,0.4,0.4,False
0,1,after_update,agent_003,Low Risk,1.0,1.0,1.0,0.4,0.4,0.4,False
0,1,after_update,agent_004,Low Risk,1.0,1.0,1.0,0.4,0.4,0.4,False
0,1,after_update,agent_005,Low Risk,1.0,1.0,1.0,0.4,0.4,0.4,False
0,1,after_update,agent_006,Low Risk,1.0,1.0,1.0,0.4,0.4,0.4,False
1,1,before_update,agent_001,Low Risk,1.0,0.9364,1.0,0.5,0.5,0.5,False
1,1,before_update,agent_002,Low Risk,1.0,0.9364,1.0,0.5,0.5,0.5,False
1,1,before_update,agent_003,Low Risk,1.0,0.9364,1.0,0.5,0.5,0.5,False
1,1,before_update,agent_004,Low Risk,1.0,0.9364,1.0,0.5,0.5,0.5,False
1,1,before_update,agent_005,Low Risk,1.0,0.9364,1.0,0.5,0.5,0.5,False
1,1,before_update,agent_006,Low Risk,1.0,0.9364,1.0,0.5,0.5,0.5,False
1,1,after_update,agent_001,Low Risk,1.0,0.9364,1.0,0.4,0.4,0.4,False
1,1,after_update,agent_002,Low Risk,1.0,0.9364,1.0,0.4,0.4,0.4,False
1,1,after_update,agent_003,Low Risk,1.0,0.9364,1.0,0.4,0.4,0.4,False
1,1,after_update,agent_004,Low Risk,1.0,0.9364,1.0,0.4,0.4,0.4,False
1,1,after_update,agent_005,Low Risk,1.0,0.9364,1.0,0.4,0.4,0.4,False
1,1,after_update,agent_006,Low Risk,1.0,0.9364,1.0,0.4,0.4,0.4,False
2,1,before_update,agent_001,Low Risk,1.0,1.0,1.0,0.5,0.5,0.5,False
2,1,before_update,agent_002,Low Risk,1.0,1.0,1.0,0.5,0.5,0.5,False
2,1,before_update,agent_003,Low Risk,1.0,1.0,1.0,0.5,0.5,0.5,False
2,1,before_update,agent_004,Low Risk,1.0,1.0,1.0,0.5,0.5,0.5,False
2,1,before_update,agent_005,Low Risk,1.0,1.0,1.0,0.5,0.5,0.5,False
2,1,before_update,agent_006,Low Risk,1.0,1.0,1.0,0.5,0.5,0.5,False
2,1,after_update,agent_001,Low Risk,1.0,1.0,1.0,0.4,0.4,0.4,False
2,1,after_update,agent_002,Low Risk,1.0,1.0,1.0,0.4,0.4,0.4,False
2,1,after_update,agent_003,Low Risk,1.0,1.0,1.0,0.4,0.4,0.4,False
2,1,after_update,agent_004,Low Risk,1.0,1.0,1.0,0.4,0.4,0.4,False
2,1,after_update,agent_005,Low Risk,1.0,1.0,1.0,0.4,0.4,0.4,False
2,1,after_update,agent_006,Low Risk,1.0,1.0,1.0,0.4,0.4,0.4,False
3,1,before_update,agent_001,Low Risk,1.0,1.0,1.0,0.5,0.5,0.5,False
3,1,before_update,agent_002,Low Risk,1.0,1.0,1.0,0.5,0.5,0.5,False
3,1,before_update,agent_003,Low Risk,1.0,1.0,1.0,0.5,0.5,0.5,False
3,1,before_update,agent_004,Low Risk,1.0,1.0,1.0,0.5,0.5,0.5,False
3,1,before_update,agent_005,Low Risk,1.0,1.0,1.0,0.5,0.5,0.5,False
3,1,before_update,agent_006,Low Risk,1.0,1.0,1.0,0.5,0.5,0.5,False
3,1,after_update,agent_001,Low Risk,1.0,1.0,1.0,0.4,0.4,0.4,False
3,1,after_update,agent_002,Low Risk,1.0,1.0,1.0,0.4,0.4,0.4,False
3,1,after_update,agent_003,Low Risk,1.0,1.0,1.0,0.4,0.4,0.4,False
3,1,after_update,agent_004,Low Risk,1.0,1.0,1.0,0.4,0.4,0.4,False
3,1,after_update,agent_005,Low Risk,1.0,1.0,1.0,0.4,0.4,0.4,False
3,1,after_update,agent_006,Low Risk,1.0,1.0,1.0,0.4,0.4,0.4,False
4,1,before_update,agent_001,Low Risk,1.0,1.0,1.0,0.5,0.5,0.5,False
4,1,before_update,agent_002,Low Risk,1.0,1.0,1.0,0.5,0.5,0.5,False
4,1,before_update,agent_003,Low Risk,1.0,1.0,1.0,0.5,0.5,0.5,False
4,1,before_update,agent_004,Low Risk,1.0,1.0,1.0,0.5,0.5,0.5,False
4,1,before_update,agent_005,Low Risk,1.0,1.0,1.0,0.5,0.5,0.5,False
4,1,before_update,agent_006,Low Risk,1.0,1.0,1.0,0.5,0.5,0.5,False
4,1,after_update,agent_001,Low Risk,1.0,1.0,1.0,0.4,0.4,0.4,False
4,1,after_update,agent_002,Low Risk,1.0,1.0,1.0,0.4,0.4,0.4,False
4,1,after_update,agent_003,Low Risk,1.0,1.0,1.0,0.4,0.4,0.4,False
4,1,after_update,agent_004,Low Risk,1.0,1.0,1.0,0.4,0.4,0.4,False
4,1,after_update,agent_005,Low Risk,1.0,1.0,1.0,0.4,0.4,0.4,False
4,1,after_update,agent_006,Low Risk,1.0,1.0,1.0,0.4,0.4,0.4,False
5,1,before_update,agent_001,Low Risk,1.0,1.0,1.0,0.5,0.5,0.5,False
5,1,before_update,agent_002,Low Risk,1.0,1.0,1.0,0.5,0.5,0.5,False
5,1,before_update,agent_003,Low Risk,1.0,1.0,1.0,0.5,0.5,0.5,False
5,1,before_update,agent_004,Low Risk,1.0,1.0,1.0,0.5,0.5,0.5,False
5,1,before_update,agent_005,Low Risk,1.0,1.0,1.0,0.5,0.5,0.5,False
5,1,before_update,agent_006,Low Risk,1.0,1.0,1.0,0.5,0.5,0.5,False
5,1,after_update,agent_001,Low Risk,1.0,1.0,1.0,0.4,0.4,0.4,False
5,1,after_update,agent_002,Low Risk,1.0,1.0,1.0,0.4,0.4,0.4,False
5,1,after_update,agent_003,Low Risk,1.0,1.0,1.0,0.4,0.4,0.4,False
5,1,after_update,agent_004,Low Risk,1.0,1.0,1.0,0.4,0.4,0.4,False
5,1,after_update,agent_005,Low Risk,1.0,1.0,1.0,0.4,0.4,0.4,False
5,1,after_update,agent_006,Low Risk,1.0,1.0,1.0,0.4,0.4,0.4,False
6,1,before_update,agent_001,Low Risk,1.0,1.0,1.0,0.5,0.5,0.5,False
6,1,before_update,agent_002,Low Risk,1.0,1.0,1.0,0.5,0.5,0.5,False
6,1,before_update,agent_003,Low Risk,1.0,1.0,1.0,0.5,0.5,0.5,False
6,1,before_update,agent_004,Low Risk,1.0,1.0,1.0,0.5,0.5,0.5,False
6,1,before_update,agent_005,Low Risk,1.0,1.0,1.0,0.5,0.5,0.5,False
6,1,before_update,agent_006,Low Risk,1.0,1.0,1.0,0.5,0.5,0.5,False
6,1,after_update,agent_001,Low Risk,1.0,1.0,1.0,0.4,0.4,0.4,False
6,1,after_update,agent_002,Low Risk,1.0,1.0,1.0,0.4,0.4,0.4,False
6,1,after_update,agent_003,Low Risk,1.0,1.0,1.0,0.4,0.4,0.4,False
6,1,after_update,agent_004,Low Risk,1.0,1.0,1.0,0.4,0.4,0.4,False
6,1,after_update,agent_005,Low Risk,1.0,1.0,1.0,0.4,0.4,0.4,False
6,1,after_update,agent_006,Low Risk,1.0,1.0,1.0,0.4,0.4,0.4,False
7,1,before_update,agent_001,Low Risk,1.0,1.0,1.0,0.5,0.5,0.5,False
7,1,before_update,agent_002,Low Risk,1.0,1.0,1.0,0.5,0.5,0.5,False
7,1,before_update,agent_003,Low Risk,1.0,1.0,1.0,0.5,0.5,0.5,False
7,1,before_update,agent_004,Low Risk,1.0,1.0,1.0,0.5,0.5,0.5,False
7,1,before_update,agent_005,Low Risk,1.0,1.0,1.0,0.5,0.5,0.5,False
7,1,before_update,agent_006,Low Risk,1.0,1.0,1.0,0.5,0.5,0.5,False
7,1,after_update,agent_001,Low Risk,1.0,1.0,1.0,0.4,0.4,0.4,False
7,1,after_update,agent_002,Low Risk,1.0,1.0,1.0,0.4,0.4,0.4,False
7,1,after_update,agent_003,Low Risk,1.0,1.0,1.0,0.4,0.4,0.4,False
7,1,after_update,agent_004,Low Risk,1.0,1.0,1.0,0.4,0.4,0.4,False
7,1,after_update,agent_005,Low Risk,1.0,1.0,1.0,0.4,0.4,0.4,False
7,1,after_update,agent_006,Low Risk,1.0,1.0,1.0,0.4,0.4,0.4,False
8,1,before_update,agent_001,Low Risk,1.0,1.0,1.0,0.5,0.5,0.5,False
8,1,before_update,agent_002,Low Risk,1.0,1.0,1.0,0.5,0.5,0.5,False
8,1,before_update,agent_003,Low Risk,1.0,1.0,1.0,0.5,0.5,0.5,False
8,1,before_update,agent_004,Low Risk,1.0,1.0,1.0,0.5,0.5,0.5,False
8,1,before_update,agent_005,Low Risk,1.0,1.0,1.0,0.5,0.5,0.5,False
8,1,before_update,agent_006,Low Risk,1.0,1.0,1.0,0.5,0.5,0.5,False
8,1,after_update,agent_001,Low Risk,1.0,1.0,1.0,0.4,0.4,0.4,False
8,1,after_update,agent_002,Low Risk,1.0,1.0,1.0,0.4,0.4,0.4,False
8,1,after_update,agent_003,Low Risk,1.0,1.0,1.0,0.4,0.4,0.4,False
8,1,after_update,agent_004,Low Risk,1.0,1.0,1.0,0.4,0.4,0.4,False
8,1,after_update,agent_005,Low Risk,1.0,1.0,1.0,0.4,0.4,0.4,False
8,1,after_update,agent_006,Low Risk,1.0,1.0,1.0,0.4,0.4,0.4,False
9,1,before_update,agent_001,Low Risk,1.0,1.0,1.0,0.5,0.5,0.5,False
9,1,before_update,agent_002,Low Risk,1.0,1.0,1.0,0.5,0.5,0.5,False
9,1,before_update,agent_003,Low Risk,1.0,1.0,1.0,0.5,0.5,0.5,False
9,1,before_update,agent_004,Low Risk,1.0,1.0,1.0,0.5,0.5,0.5,False
9,1,before_update,agent_005,Low Risk,1.0,1.0,1.0,0.5,0.5,0.5,False
9,1,before_update,agent_006,Low Risk,1.0,1.0,1.0,0.5,0.5,0.5,False
9,1,after_update,agent_001,Low Risk,1.0,1.0,1.0,0.4,0.4,0.4,False
9,1,after_update,agent_002,Low Risk,1.0,1.0,1.0,0.4,0.4,0.4,False
9,1,after_update,agent_003,Low Risk,1.0,1.0,1.0,0.4,0.4,0.4,False
9,1,after_update,agent_004,Low Risk,1.0,1.0,1.0,0.4,0.4,0.4,False
9,1,after_update,agent_005,Low Risk,1.0,1.0,1.0,0.4,0.4,0.4,False
9,1,after_update,agent_006,Low Risk,1.0,1.0,1.0,0.4,0.4,0.4,False
10,1,before_update,agent_001,Medium Risk,1.0,1.0,0.1,0.5,0.5,0.5,True
10,1,before_update,agent_002,Medium Risk,1.0,1.0,0.1,0.5,0.5,0.5,True
10,1,before_update,agent_003,Medium Risk,1.0,1.0,0.1,0.5,0.5,0.5,True
10,1,before_update,agent_004,Medium Risk,1.0,1.0,0.1,0.5,0.5,0.5,True
10,1,before_update,agent_005,Medium Risk,1.0,1.0,0.1,0.5,0.5,0.5,True
10,1,before_update,agent_006,Medium Risk,1.0,1.0,0.1,0.5,0.5,0.5,True
10,1,after_update,agent_001,Medium Risk,1.0,1.0,0.1,0.6667,0.6667,0.5,True
10,1,after_update,agent_002,Medium Risk,1.0,1.0,0.1,0.6667,0.6667,0.5,True
10,1,after_update,agent_003,Medium Risk,1.0,1.0,0.1,0.6667,0.6667,0.5,True
10,1,after_update,agent_004,Medium Risk,1.0,1.0,0.1,0.6667,0.6667,0.5,True
10,1,after_update,agent_005,Medium Risk,1.0,1.0,0.1,0.6667,0.6667,0.5,True
10,1,after_update,agent_006,Medium Risk,1.0,1.0,0.1,0.6667,0.6667,0.5,True
11,1,before_update,agent_001,Low Risk,1.0,1.0,1.0,0.5,0.5,0.5,False
11,1,before_update,agent_002,Low Risk,1.0,1.0,1.0,0.5,0.5,0.5,False
11,1,before_update,agent_003,Low Risk,1.0,1.0,1.0,0.5,0.5,0.5,False
11,1,before_update,agent_004,Low Risk,1.0,1.0,1.0,0.5,0.5,0.5,False
11,1,before_update,agent_005,Low Risk,1.0,1.0,1.0,0.5,0.5,0.5,False
11,1,before_update,agent_006,Low Risk,1.0,1.0,1.0,0.5,0.5,0.5,False
11,1,after_update,agent_001,Low Risk,1.0,1.0,1.0,0.4,0.4,0.4,False
11,1,after_update,agent_002,Low Risk,1.0,1.0,1.0,0.4,0.4,0.4,False
11,1,after_update,agent_003,Low Risk,1.0,1.0,1.0,0.4,0.4,0.4,False
11,1,after_update,agent_004,Low Risk,1.0,1.0,1.0,0.4,0.4,0.4,False
11,1,after_update,agent_005,Low Risk,1.0,1.0,1.0,0.4,0.4,0.4,False
11,1,after_update,agent_006,Low Risk,1.0,1.0,1.0,0.4,0.4,0.4,False
12,1,before_update,agent_001,Low Risk,1.0,1.0,1.0,0.5,0.5,0.5,False
12,1,before_update,agent_002,Low Risk,1.0,1.0,1.0,0.5,0.5,0.5,False
12,1,before_update,agent_003,Low Risk,1.0,1.0,1.0,0.5,0.5,0.5,False
12,1,before_update,agent_004,Low Risk,1.0,1.0,1.0,0.5,0.5,0.5,False
12,1,before_update,agent_005,Low Risk,1.0,1.0,1.0,0.5,0.5,0.5,False
12,1,before_update,agent_006,Low Risk,1.0,1.0,1.0,0.5,0.5,0.5,False
12,1,after_update,agent_001,Low Risk,1.0,1.0,1.0,0.4,0.4,0.4,False
12,1,after_update,agent_002,Low Risk,1.0,1.0,1.0,0.4,0.4,0.4,False
12,1,after_update,agent_003,Low Risk,1.0,1.0,1.0,0.4,0.4,0.4,False
12,1,after_update,agent_004,Low Risk,1.0,1.0,1.0,0.4,0.4,0.4,False
12,1,after_update,agent_005,Low Risk,1.0,1.0,1.0,0.4,0.4,0.4,False
12,1,after_update,agent_006,Low Risk,1.0,1.0,1.0,0.4,0.4,0.4,False
13,1,before_update,agent_001,Low Risk,1.0,1.0,1.0,0.5,0.5,0.5,False
13,1,before_update,agent_002,Low Risk,1.0,1.0,1.0,0.5,0.5,0.5,False
13,1,before_update,agent_003,Low Risk,1.0,1.0,1.0,0.5,0.5,0.5,False
13,1,before_update,agent_004,Low Risk,1.0,1.0,1.0,0.5,0.5,0.5,False
13,1,before_update,agent_005,Low Risk,1.0,1.0,1.0,0.5,0.5,0.5,False
13,1,before_update,agent_006,Low Risk,1.0,1.0,1.0,0.5,0.5,0.5,False
13,1,after_update,agent_001,Low Risk,1.0,1.0,1.0,0.4,0.4,0.4,False
13,1,after_update,agent_002,Low Risk,1.0,1.0,1.0,0.4,0.4,0.4,False
13,1,after_update,agent_003,Low Risk,1.0,1.0,1.0,0.4,0.4,0.4,False
13,1,after_update,agent_004,Low Risk,1.0,1.0,1.0,0.4,0.4,0.4,False
13,1,after_update,agent_005,Low Risk,1.0,1.0,1.0,0.4,0.4,0.4,False
13,1,after_update,agent_006,Low Risk,1.0,1.0,1.0,0.4,0.4,0.4,False
14,1,before_update,agent_001,Low Risk,1.0,0.9364,1.0,0.5,0.5,0.5,False
14,1,before_update,agent_002,Low Risk,1.0,0.9364,1.0,0.5,0.5,0.5,False
14,1,before_update,agent_003,Low Risk,1.0,0.9364,1.0,0.5,0.5,0.5,False
14,1,before_update,agent_004,Low Risk,1.0,0.9364,1.0,0.5,0.5,0.5,False
14,1,before_update,agent_005,Low Risk,1.0,0.9364,1.0,0.5,0.5,0.5,False
14,1,before_update,agent_006,Low Risk,1.0,0.9364,1.0,0.5,0.5,0.5,False
14,1,after_update,agent_001,Low Risk,1.0,0.9364,1.0,0.4,0.4,0.4,False
14,1,after_update,agent_002,Low Risk,1.0,0.9364,1.0,0.4,0.4,0.4,False
14,1,after_update,agent_003,Low Risk,1.0,0.9364,1.0,0.4,0.4,0.4,False
14,1,after_update,agent_004,Low Risk,1.0,0.9364,1.0,0.4,0.4,0.4,False
14,1,after_update,agent_005,Low Risk,1.0,0.9364,1.0,0.4,0.4,0.4,False
14,1,after_update,agent_006,Low Risk,1.0,0.9364,1.0,0.4,0.4,0.4,False
15,1,before_update,agent_001,Low Risk,1.0,1.0,1.0,0.5,0.5,0.5,False
15,1,before_update,agent_002,Low Risk,1.0,1.0,1.0,0.5,0.5,0.5,False
15,1,before_update,agent_003,Low Risk,1.0,1.0,1.0,0.5,0.5,0.5,False
15,1,before_update,agent_004,Low Risk,1.0,1.0,1.0,0.5,0.5,0.5,False
15,1,before_update,agent_005,Low Risk,1.0,1.0,1.0,0.5,0.5,0.5,False
15,1,before_update,agent_006,Low Risk,1.0,1.0,1.0,0.5,0.5,0.5,False
15,1,after_update,agent_001,Low Risk,1.0,1.0,1.0,0.4,0.4,0.4,False
15,1,after_update,agent_002,Low Risk,1.0,1.0,1.0,0.4,0.4,0.4,False
15,1,after_update,agent_003,Low Risk,1.0,1.0,1.0,0.4,0.4,0.4,False
15,1,after_update,agent_004,Low Risk,1.0,1.0,1.0,0.4,0.4,0.4,False
15,1,after_update,agent_005,Low Risk,1.0,1.0,1.0,0.4,0.4,0.4,False
15,1,after_update,agent_006,Low Risk,1.0,1.0,1.0,0.4,0.4,0.4,False
16,1,before_update,agent_001,Low Risk,1.0,1.0,1.0,0.5,0.5,0.5,False
16,1,before_update,agent_002,Low Risk,1.0,1.0,1.0,0.5,0.5,0.5,False
16,1,before_update,agent_003,Low Risk,1.0,1.0,1.0,0.5,0.5,0.5,False
16,1,before_update,agent_004,Low Risk,1.0,1.0,1.0,0.5,0.5,0.5,False
16,1,before_update,agent_005,Low Risk,1.0,1.0,1.0,0.5,0.5,0.5,False
16,1,before_update,agent_006,Low Risk,1.0,1.0,1.0,0.5,0.5,0.5,False
16,1,after_update,agent_001,Low Risk,1.0,1.0,1.0,0.4,0.4,0.4,False
16,1,after_update,agent_002,Low Risk,1.0,1.0,1.0,0.4,0.4,0.4,False
16,1,after_update,agent_003,Low Risk,1.0,1.0,1.0,0.4,0.4,0.4,False
16,1,after_update,agent_004,Low Risk,1.0,1.0,1.0,0.4,0.4,0.4,False
16,1,after_update,agent_005,Low Risk,1.0,1.0,1.0,0.4,0.4,0.4,False
16,1,after_update,agent_006,Low Risk,1.0,1.0,1.0,0.4,0.4,0.4,False
17,1,before_update,agent_001,Low Risk,1.0,1.0,1.0,0.5,0.5,0.5,False
17,1,before_update,agent_002,Low Risk,1.0,1.0,1.0,0.5,0.5,0.5,False
17,1,before_update,agent_003,Low Risk,1.0,1.0,1.0,0.5,0.5,0.5,False
17,1,before_update,agent_004,Low Risk,1.0,1.0,1.0,0.5,0.5,0.5,False
17,1,before_update,agent_005,Low Risk,1.0,1.0,1.0,0.5,0.5,0.5,False
17,1,before_update,agent_006,Low Risk,1.0,1.0,1.0,0.5,0.5,0.5,False
17,1,after_update,agent_001,Low Risk,1.0,1.0,1.0,0.4,0.4,0.4,False
17,1,after_update,agent_002,Low Risk,1.0,1.0,1.0,0.4,0.4,0.4,False
17,1,after_update,agent_003,Low Risk,1.0,1.0,1.0,0.4,0.4,0.4,False
17,1,after_update,agent_004,Low Risk,1.0,1.0,1.0,0.4,0.4,0.4,False
17,1,after_update,agent_005,Low Risk,1.0,1.0,1.0,0.4,0.4,0.4,False
17,1,after_update,agent_006,Low Risk,1.0,1.0,1.0,0.4,0.4,0.4,False
18,1,before_update,agent_001,Low Risk,1.0,1.0,1.0,0.5,0.5,0.5,False
18,1,before_update,agent_002,Low Risk,1.0,1.0,1.0,0.5,0.5,0.5,False
18,1,before_update,agent_003,Low Risk,1.0,1.0,1.0,0.5,0.5,0.5,False
18,1,before_update,agent_004,Low Risk,1.0,1.0,1.0,0.5,0.5,0.5,False
18,1,before_update,agent_005,Low Risk,1.0,1.0,1.0,0.5,0.5,0.5,False
18,1,before_update,agent_006,Low Risk,1.0,1.0,1.0,0.5,0.5,0.5,False
18,1,after_update,agent_001,Low Risk,1.0,1.0,1.0,0.4,0.4,0.4,False
18,1,after_update,agent_002,Low Risk,1.0,1.0,1.0,0.4,0.4,0.4,False
18,1,after_update,agent_003,Low Risk,1.0,1.0,1.0,0.4,0.4,0.4,False
18,1,after_update,agent_004,Low Risk,1.0,1.0,1.0,0.4,0.4,0.4,False
18,1,after_update,agent_005,Low Risk,1.0,1.0,1.0,0.4,0.4,0.4,False
18,1,after_update,agent_006,Low Risk,1.0,1.0,1.0,0.4,0.4,0.4,False
19,1,before_update,agent_001,Low Risk,1.0,1.0,1.0,0.5,0.5,0.5,False
19,1,before_update,agent_002,Low Risk,1.0,1.0,1.0,0.5,0.5,0.5,False
19,1,before_update,agent_003,Low Risk,1.0,1.0,1.0,0.5,0.5,0.5,False
19,1,before_update,agent_004,Low Risk,1.0,1.0,1.0,0.5,0.5,0.5,False
19,1,before_update,agent_005,Low Risk,1.0,1.0,1.0,0.5,0.5,0.5,False
19,1,before_update,agent_006,Low Risk,1.0,1.0,1.0,0.5,0.5,0.5,False
19,1,after_update,agent_001,Low Risk,1.0,1.0,1.0,0.4,0.4,0.4,False
19,1,after_update,agent_002,Low Risk,1.0,1.0,1.0,0.4,0.4,0.4,False
19,1,after_update,agent_003,Low Risk,1.0,1.0,1.0,0.4,0.4,0.4,False
19,1,after_update,agent_004,Low Risk,1.0,1.0,1.0,0.4,0.4,0.4,False
19,1,after_update,agent_005,Low Risk,1.0,1.0,1.0,0.4,0.4,0.4,False
19,1,after_update,agent_006,Low Risk,1.0,1.0,1.0,0.4,0.4,0.4,False
20,1,before_update,agent_001,Low Risk,1.0,1.0,1.0,0.5,0.5,0.5,False
20,1,before_update,agent_002,Low Risk,1.0,1.0,1.0,0.5,0.5,0.5,False
20,1,before_update,agent_003,Low Risk,1.0,1.0,1.0,0.5,0.5,0.5,False
20,1,before_update,agent_004,Low Risk,1.0,1.0,1.0,0.5,0.5,0.5,False
20,1,before_update,agent_005,Low Risk,1.0,1.0,1.0,0.5,0.5,0.5,False
20,1,before_update,agent_006,Low Risk,1.0,1.0,1.0,0.5,0.5,0.5,False
20,1,after_update,agent_001,Low Risk,1.0,1.0,1.0,0.4,0.4,0.4,False
20,1,after_update,agent_002,Low Risk,1.0,1.0,1.0,0.4,0.4,0.4,False
20,1,after_update,agent_003,Low Risk,1.0,1.0,1.0,0.4,0.4,0.4,False
20,1,after_update,agent_004,Low Risk,1.0,1.0,1.0,0.4,0.4,0.4,False
20,1,after_update,agent_005,Low Risk,1.0,1.0,1.0,0.4,0.4,0.4,False
20,1,after_update,agent_006,Low Risk,1.0,1.0,1.0,0.4,0.4,0.4,False
21,1,before_update,agent_001,Low Risk,1.0,0.9552,1.0,0.5,0.5,0.5,False
21,1,before_update,agent_002,Low Risk,1.0,0.9104,1.0,0.5,0.5,0.5,False
21,1,before_update,agent_003,Low Risk,1.0,0.9104,1.0,0.5,0.5,0.5,False
21,1,before_update,agent_004,Low Risk,1.0,0.9552,1.0,0.5,0.5,0.5,False
21,1,before_update,agent_005,Low Risk,1.0,0.9552,1.0,0.5,0.5,0.5,False
21,1,before_update,agent_006,Low Risk,1.0,0.9552,1.0,0.5,0.5,0.5,False
21,1,after_update,agent_001,Low Risk,1.0,0.9552,1.0,0.4,0.4,0.4,False
21,1,after_update,agent_002,Low Risk,1.0,0.9104,1.0,0.4,0.4,0.4,False
21,1,after_update,agent_003,Low Risk,1.0,0.9104,1.0,0.4,0.4,0.4,False
21,1,after_update,agent_004,Low Risk,1.0,0.9552,1.0,0.4,0.4,0.4,False
21,1,after_update,agent_005,Low Risk,1.0,0.9552,1.0,0.4,0.4,0.4,False
21,1,after_update,agent_006,Low Risk,1.0,0.9552,1.0,0.4,0.4,0.4,False
22,1,before_update,agent_001,Low Risk,1.0,1.0,1.0,0.5,0.5,0.5,False
22,1,before_update,agent_002,Low Risk,1.0,1.0,1.0,0.5,0.5,0.5,False
22,1,before_update,agent_003,Low Risk,1.0,1.0,1.0,0.5,0.5,0.5,False
22,1,before_update,agent_004,Low Risk,1.0,1.0,1.0,0.5,0.5,0.5,False
22,1,before_update,agent_005,Low Risk,1.0,1.0,1.0,0.5,0.5,0.5,False
22,1,before_update,agent_006,Low Risk,1.0,1.0,1.0,0.5,0.5,0.5,False
22,1,after_update,agent_001,Low Risk,1.0,1.0,1.0,0.4,0.4,0.4,False
22,1,after_update,agent_002,Low Risk,1.0,1.0,1.0,0.4,0.4,0.4,False
22,1,after_update,agent_003,Low Risk,1.0,1.0,1.0,0.4,0.4,0.4,False
22,1,after_update,agent_004,Low Risk,1.0,1.0,1.0,0.4,0.4,0.4,False
22,1,after_update,agent_005,Low Risk,1.0,1.0,1.0,0.4,0.4,0.4,False
22,1,after_update,agent_006,Low Risk,1.0,1.0,1.0,0.4,0.4,0.4,False
23,1,before_update,agent_001,Low Risk,1.0,1.0,1.0,0.5,0.5,0.5,False
23,1,before_update,agent_002,Low Risk,1.0,1.0,1.0,0.5,0.5,0.5,False
23,1,before_update,agent_003,Low Risk,1.0,1.0,1.0,0.5,0.5,0.5,False
23,1,before_update,agent_004,Low Risk,1.0,1.0,1.0,0.5,0.5,0.5,False
23,1,before_update,agent_005,Low Risk,1.0,1.0,1.0,0.5,0.5,0.5,False
23,1,before_update,agent_006,Low Risk,1.0,1.0,1.0,0.5,0.5,0.5,False
23,1,after_update,agent_001,Low Risk,1.0,1.0,1.0,0.4,0.4,0.4,False
23,1,after_update,agent_002,Low Risk,1.0,1.0,1.0,0.4,0.4,0.4,False
23,1,after_update,agent_003,Low Risk,1.0,1.0,1.0,0.4,0.4,0.4,False
23,1,after_update,agent_004,Low Risk,1.0,1.0,1.0,0.4,0.4,0.4,False
23,1,after_update,agent_005,Low Risk,1.0,1.0,1.0,0.4,0.4,0.4,False
23,1,after_update,agent_006,Low Risk,1.0,1.0,1.0,0.4,0.4,0.4,False
24,1,before_update,agent_001,Low Risk,1.0,1.0,1.0,0.5,0.5,0.5,False
24,1,before_update,agent_002,Low Risk,1.0,1.0,1.0,0.5,0.5,0.5,False
24,1,before_update,agent_003,Low Risk,1.0,1.0,1.0,0.5,0.5,0.5,False
24,1,before_update,agent_004,Low Risk,1.0,1.0,1.0,0.5,0.5,0.5,False
24,1,before_update,agent_005,Low Risk,1.0,1.0,1.0,0.5,0.5,0.5,False
24,1,before_update,agent_006,Low Risk,1.0,1.0,1.0,0.5,0.5,0.5,False
24,1,after_update,agent_001,Low Risk,1.0,1.0,1.0,0.4,0.4,0.4,False
24,1,after_update,agent_002,Low Risk,1.0,1.0,1.0,0.4,0.4,0.4,False
24,1,after_update,agent_003,Low Risk,1.0,1.0,1.0,0.4,0.4,0.4,False
24,1,after_update,agent_004,Low Risk,1.0,1.0,1.0,0.4,0.4,0.4,False
24,1,after_update,agent_005,Low Risk,1.0,1.0,1.0,0.4,0.4,0.4,False
24,1,after_update,agent_006,Low Risk,1.0,1.0,1.0,0.4,0.4,0.4,False
25,1,before_update,agent_001,Low Risk,1.0,1.0,1.0,0.5,0.5,0.5,False
25,1,before_update,agent_002,Low Risk,1.0,1.0,1.0,0.5,0.5,0.5,False
25,1,before_update,agent_003,Low Risk,1.0,1.0,1.0,0.5,0.5,0.5,False
25,1,before_update,agent_004,Low Risk,1.0,1.0,1.0,0.5,0.5,0.5,False
25,1,before_update,agent_005,Low Risk,1.0,1.0,1.0,0.5,0.5,0.5,False
25,1,before_update,agent_006,Low Risk,1.0,1.0,1.0,0.5,0.5,0.5,False
25,1,after_update,agent_001,Low Risk,1.0,1.0,1.0,0.4,0.4,0.4,False
25,1,after_update,agent_002,Low Risk,1.0,1.0,1.0,0.4,0.4,0.4,False
25,1,after_update,agent_003,Low Risk,1.0,1.0,1.0,0.4,0.4,0.4,False
25,1,after_update,agent_004,Low Risk,1.0,1.0,1.0,0.4,0.4,0.4,False
25,1,after_update,agent_005,Low Risk,1.0,1.0,1.0,0.4,0.4,0.4,False
25,1,after_update,agent_006,Low Risk,1.0,1.0,1.0,0.4,0.4,0.4,False
26,1,before_update,agent_001,Low Risk,1.0,1.0,1.0,0.5,0.5,0.5,False
26,1,before_update,agent_002,Low Risk,1.0,1.0,1.0,0.5,0.5,0.5,False
26,1,before_update,agent_003,Low Risk,1.0,1.0,1.0,0.5,0.5,0.5,False
26,1,before_update,agent_004,Low Risk,1.0,1.0,1.0,0.5,0.5,0.5,False
26,1,before_update,agent_005,Low Risk,1.0,1.0,1.0,0.5,0.5,0.5,False
26,1,before_update,agent_006,Low Risk,1.0,1.0,1.0,0.5,0.5,0.5,False
26,1,after_update,agent_001,Low Risk,1.0,1.0,1.0,0.4,0.4,0.4,False
26,1,after_update,agent_002,Low Risk,1.0,1.0,1.0,0.4,0.4,0.4,False
26,1,after_update,agent_003,Low Risk,1.0,1.0,1.0,0.4,0.4,0.4,False
26,1,after_update,agent_004,Low Risk,1.0,1.0,1.0,0.4,0.4,0.4,False
26,1,after_update,agent_005,Low Risk,1.0,1.0,1.0,0.4,0.4,0.4,False
26,1,after_update,agent_006,Low Risk,1.0,1.0,1.0,0.4,0.4,0.4,False
27,1,before_update,agent_001,Low Risk,1.0,1.0,1.0,0.5,0.5,0.5,False
27,1,before_update,agent_002,Low Risk,1.0,1.0,1.0,0.5,0.5,0.5,False
27,1,before_update,agent_003,Low Risk,1.0,1.0,1.0,0.5,0.5,0.5,False
27,1,before_update,agent_004,Low Risk,1.0,1.0,1.0,0.5,0.5,0.5,False
27,1,before_update,agent_005,Low Risk,1.0,1.0,1.0,0.5,0.5,0.5,False
27,1,before_update,agent_006,Low Risk,1.0,1.0,1.0,0.5,0.5,0.5,False
27,1,after_update,agent_001,Low Risk,1.0,1.0,1.0,0.4,0.4,0.4,False
27,1,after_update,agent_002,Low Risk,1.0,1.0,1.0,0.4,0.4,0.4,False
27,1,after_update,agent_003,Low Risk,1.0,1.0,1.0,0.4,0.4,0.4,False
27,1,after_update,agent_004,Low Risk,1.0,1.0,1.0,0.4,0.4,0.4,False
27,1,after_update,agent_005,Low Risk,1.0,1.0,1.0,0.4,0.4,0.4,False
27,1,after_update,agent_006,Low Risk,1.0,1.0,1.0,0.4,0.4,0.4,False
28,1,before_update,agent_001,Low Risk,1.0,1.0,1.0,0.5,0.5,0.5,False
28,1,before_update,agent_002,Low Risk,1.0,1.0,1.0,0.5,0.5,0.5,False
28,1,before_update,agent_003,Low Risk,1.0,1.0,1.0,0.5,0.5,0.5,False
28,1,before_update,agent_004,Low Risk,1.0,1.0,1.0,0.5,0.5,0.5,False
28,1,before_update,agent_005,Low Risk,1.0,1.0,1.0,0.5,0.5,0.5,False
28,1,before_update,agent_006,Low Risk,1.0,1.0,1.0,0.5,0.5,0.5,False
28,1,after_update,agent_001,Low Risk,1.0,1.0,1.0,0.4,0.4,0.4,False
28,1,after_update,agent_002,Low Risk,1.0,1.0,1.0,0.4,0.4,0.4,False
28,1,after_update,agent_003,Low Risk,1.0,1.0,1.0,0.4,0.4,0.4,False
28,1,after_update,agent_004,Low Risk,1.0,1.0,1.0,0.4,0.4,0.4,False
28,1,after_update,agent_005,Low Risk,1.0,1.0,1.0,0.4,0.4,0.4,False
28,1,after_update,agent_006,Low Risk,1.0,1.0,1.0,0.4,0.4,0.4,False
29,1,before_update,agent_001,Low Risk,1.0,1.0,1.0,0.5,0.5,0.5,False
29,1,before_update,agent_002,Low Risk,1.0,1.0,1.0,0.5,0.5,0.5,False
29,1,before_update,agent_003,Low Risk,1.0,1.0,1.0,0.5,0.5,0.5,False
29,1,before_update,agent_004,Low Risk,1.0,1.0,1.0,0.5,0.5,0.5,False
29,1,before_update,agent_005,Low Risk,1.0,1.0,1.0,0.5,0.5,0.5,False
29,1,before_update,agent_006,Low Risk,1.0,1.0,1.0,0.5,0.5,0.5,False
29,1,after_update,agent_001,Low Risk,1.0,1.0,1.0,0.4,0.4,0.4,False
29,1,after_update,agent_002,Low Risk,1.0,1.0,1.0,0.4,0.4,0.4,False
29,1,after_update,agent_003,Low Risk,1.0,1.0,1.0,0.4,0.4,0.4,False
29,1,after_update,agent_004,Low Risk,1.0,1.0,1.0,0.4,0.4,0.4,False
29,1,after_update,agent_005,Low Risk,1.0,1.0,1.0,0.4,0.4,0.4,False
29,1,after_update,agent_006,Low Risk,1.0,1.0,1.0,0.4,0.4,0.4,False
30,1,before_update,agent_001,Low Risk,1.0,1.0,1.0,0.5,0.5,0.5,False
30,1,before_update,agent_002,Low Risk,1.0,1.0,1.0,0.5,0.5,0.5,False
30,1,before_update,agent_003,Low Risk,1.0,1.0,1.0,0.5,0.5,0.5,False
30,1,before_update,agent_004,Low Risk,1.0,1.0,1.0,0.5,0.5,0.5,False
30,1,before_update,agent_005,Low Risk,1.0,1.0,1.0,0.5,0.5,0.5,False
30,1,before_update,agent_006,Low Risk,1.0,1.0,1.0,0.5,0.5,0.5,False
30,1,after_update,agent_001,Low Risk,1.0,1.0,1.0,0.4,0.4,0.4,False
30,1,after_update,agent_002,Low Risk,1.0,1.0,1.0,0.4,0.4,0.4,False
30,1,after_update,agent_003,Low Risk,1.0,1.0,1.0,0.4,0.4,0.4,False
30,1,after_update,agent_004,Low Risk,1.0,1.0,1.0,0.4,0.4,0.4,False
30,1,after_update,agent_005,Low Risk,1.0,1.0,1.0,0.4,0.4,0.4,False
30,1,after_update,agent_006,Low Risk,1.0,1.0,1.0,0.4,0.4,0.4,False
31,1,before_update,agent_001,Low Risk,1.0,1.0,1.0,0.5,0.5,0.5,False
31,1,before_update,agent_002,Low Risk,1.0,1.0,1.0,0.5,0.5,0.5,False
31,1,before_update,agent_003,Low Risk,1.0,1.0,1.0,0.5,0.5,0.5,False
31,1,before_update,agent_004,Low Risk,1.0,1.0,1.0,0.5,0.5,0.5,False
31,1,before_update,agent_005,Low Risk,1.0,1.0,1.0,0.5,0.5,0.5,False
31,1,before_update,agent_006,Low Risk,1.0,1.0,1.0,0.5,0.5,0.5,False
31,1,after_update,agent_001,Low Risk,1.0,1.0,1.0,0.4,0.4,0.4,False
31,1,after_update,agent_002,Low Risk,1.0,1.0,1.0,0.4,0.4,0.4,False
31,1,after_update,agent_003,Low Risk,1.0,1.0,1.0,0.4,0.4,0.4,False
31,1,after_update,agent_004,Low Risk,1.0,1.0,1.0,0.4,0.4,0.4,False
31,1,after_update,agent_005,Low Risk,1.0,1.0,1.0,0.4,0.4,0.4,False
31,1,after_update,agent_006,Low Risk,1.0,1.0,1.0,0.4,0.4,0.4,False
32,1,before_update,agent_001,Low Risk,1.0,0.8676,1.0,0.5,0.5,0.5,False
32,1,before_update,agent_002,Low Risk,1.0,0.9735,1.0,0.5,0.5,0.5,False
32,1,before_update,agent_003,Low Risk,1.0,0.9735,1.0,0.5,0.5,0.5,False
32,1,before_update,agent_004,Low Risk,1.0,0.9735,1.0,0.5,0.5,0.5,False
32,1,before_update,agent_005,Low Risk,1.0,0.9735,1.0,0.5,0.5,0.5,False
32,1,before_update,agent_006,Low Risk,1.0,0.9735,1.0,0.5,0.5,0.5,False
32,1,after_update,agent_001,Low Risk,1.0,0.8676,1.0,0.4,0.4,0.4,False
32,1,after_update,agent_002,Low Risk,1.0,0.9735,1.0,0.4,0.4,0.4,False
32,1,after_update,agent_003,Low Risk,1.0,0.9735,1.0,0.4,0.4,0.4,False
32,1,after_update,agent_004,Low Risk,1.0,0.9735,1.0,0.4,0.4,0.4,False
32,1,after_update,agent_005,Low Risk,1.0,0.9735,1.0,0.4,0.4,0.4,False
32,1,after_update,agent_006,Low Risk,1.0,0.9735,1.0,0.4,0.4,0.4,False
33,1,before_update,agent_001,Low Risk,1.0,1.0,1.0,0.5,0.5,0.5,False
33,1,before_update,agent_002,Low Risk,1.0,1.0,1.0,0.5,0.5,0.5,False
33,1,before_update,agent_003,Low Risk,1.0,1.0,1.0,0.5,0.5,0.5,False
33,1,before_update,agent_004,Low Risk,1.0,1.0,1.0,0.5,0.5,0.5,False
33,1,before_update,agent_005,Low Risk,1.0,1.0,1.0,0.5,0.5,0.5,False
33,1,before_update,agent_006,Low Risk,1.0,1.0,1.0,0.5,0.5,0.5,False
33,1,after_update,agent_001,Low Risk,1.0,1.0,1.0,0.4,0.4,0.4,False
33,1,after_update,agent_002,Low Risk,1.0,1.0,1.0,0.4,0.4,0.4,False
33,1,after_update,agent_003,Low Risk,1.0,1.0,1.0,0.4,0.4,0.4,False
33,1,after_update,agent_004,Low Risk,1.0,1.0,1.0,0.4,0.4,0.4,False
33,1,after_update,agent_005,Low Risk,1.0,1.0,1.0,0.4,0.4,0.4,False
33,1,after_update,agent_006,Low Risk,1.0,1.0,1.0,0.4,0.4,0.4,False
34,1,before_update,agent_001,Low Risk,1.0,1.0,1.0,0.5,0.5,0.5,False
34,1,before_update,agent_002,Low Risk,1.0,1.0,1.0,0.5,0.5,0.5,False
34,1,before_update,agent_003,Low Risk,1.0,1.0,1.0,0.5,0.5,0.5,False
34,1,before_update,agent_004,Low Risk,1.0,1.0,1.0,0.5,0.5,0.5,False
34,1,before_update,agent_005,Low Risk,1.0,1.0,1.0,0.5,0.5,0.5,False
34,1,before_update,agent_006,Low Risk,1.0,1.0,1.0,0.5,0.5,0.5,False
34,1,after_update,agent_001,Low Risk,1.0,1.0,1.0,0.4,0.4,0.4,False
34,1,after_update,agent_002,Low Risk,1.0,1.0,1.0,0.4,0.4,0.4,False
34,1,after_update,agent_003,Low Risk,1.0,1.0,1.0,0.4,0.4,0.4,False
34,1,after_update,agent_004,Low Risk,1.0,1.0,1.0,0.4,0.4,0.4,False
34,1,after_update,agent_005,Low Risk,1.0,1.0,1.0,0.4,0.4,0.4,False
34,1,after_update,agent_006,Low Risk,1.0,1.0,1.0,0.4,0.4,0.4,False
35,1,before_update,agent_001,Low Risk,1.0,1.0,1.0,0.5,0.5,0.5,False
35,1,before_update,agent_002,Low Risk,1.0,1.0,1.0,0.5,0.5,0.5,False
35,1,before_update,agent_003,Low Risk,1.0,1.0,1.0,0.5,0.5,0.5,False
35,1,before_update,agent_004,Low Risk,1.0,1.0,1.0,0.5,0.5,0.5,False
35,1,before_update,agent_005,Low Risk,1.0,1.0,1.0,0.5,0.5,0.5,False
35,1,before_update,agent_006,Low Risk,1.0,1.0,1.0,0.5,0.5,0.5,False
35,1,after_update,agent_001,Low Risk,1.0,1.0,1.0,0.4,0.4,0.4,False
35,1,after_update,agent_002,Low Risk,1.0,1.0,1.0,0.4,0.4,0.4,False
35,1,after_update,agent_003,Low Risk,1.0,1.0,1.0,0.4,0.4,0.4,False
35,1,after_update,agent_004,Low Risk,1.0,1.0,1.0,0.4,0.4,0.4,False
35,1,after_update,agent_005,Low Risk,1.0,1.0,1.0,0.4,0.4,0.4,False
35,1,after_update,agent_006,Low Risk,1.0,1.0,1.0,0.4,0.4,0.4,False
36,1,before_update,agent_001,Low Risk,1.0,1.0,1.0,0.5,0.5,0.5,False
36,1,before_update,agent_002,Low Risk,1.0,1.0,1.0,0.5,0.5,0.5,False
36,1,before_update,agent_003,Low Risk,1.0,1.0,1.0,0.5,0.5,0.5,False
36,1,before_update,agent_004,Low Risk,1.0,1.0,1.0,0.5,0.5,0.5,False
36,1,before_update,agent_005,Low Risk,1.0,1.0,1.0,0.5,0.5,0.5,False
36,1,before_update,agent_006,Low Risk,1.0,1.0,1.0,0.5,0.5,0.5,False
36,1,after_update,agent_001,Low Risk,1.0,1.0,1.0,0.4,0.4,0.4,False
36,1,after_update,agent_002,Low Risk,1.0,1.0,1.0,0.4,0.4,0.4,False
36,1,after_update,agent_003,Low Risk,1.0,1.0,1.0,0.4,0.4,0.4,False
36,1,after_update,agent_004,Low Risk,1.0,1.0,1.0,0.4,0.4,0.4,False
36,1,after_update,agent_005,Low Risk,1.0,1.0,1.0,0.4,0.4,0.4,False
36,1,after_update,agent_006,Low Risk,1.0,1.0,1.0,0.4,0.4,0.4,False
37,1,before_update,agent_001,Low Risk,1.0,1.0,1.0,0.5,0.5,0.5,False
37,1,before_update,agent_002,Low Risk,1.0,1.0,1.0,0.5,0.5,0.5,False
37,1,before_update,agent_003,Low Risk,1.0,1.0,1.0,0.5,0.5,0.5,False
37,1,before_update,agent_004,Low Risk,1.0,1.0,1.0,0.5,0.5,0.5,False
37,1,before_update,agent_005,Low Risk,1.0,1.0,1.0,0.5,0.5,0.5,False
37,1,before_update,agent_006,Low Risk,1.0,1.0,1.0,0.5,0.5,0.5,False
37,1,after_update,agent_001,Low Risk,1.0,1.0,1.0,0.4,0.4,0.4,False
37,1,after_update,agent_002,Low Risk,1.0,1.0,1.0,0.4,0.4,0.4,False
37,1,after_update,agent_003,Low Risk,1.0,1.0,1.0,0.4,0.4,0.4,False
37,1,after_update,agent_004,Low Risk,1.0,1.0,1.0,0.4,0.4,0.4,False
37,1,after_update,agent_005,Low Risk,1.0,1.0,1.0,0.4,0.4,0.4,False
37,1,after_update,agent_006,Low Risk,1.0,1.0,1.0,0.4,0.4,0.4,False
38,1,before_update,agent_001,Low Risk,1.0,1.0,1.0,0.5,0.5,0.5,False
38,1,before_update,agent_002,Low Risk,1.0,1.0,1.0,0.5,0.5,0.5,False
38,1,before_update,agent_003,Low Risk,1.0,1.0,1.0,0.5,0.5,0.5,False
38,1,before_update,agent_004,Low Risk,1.0,1.0,1.0,0.5,0.5,0.5,False
38,1,before_update,agent_005,Low Risk,1.0,1.0,1.0,0.5,0.5,0.5,False
38,1,before_update,agent_006,Low Risk,1.0,1.0,1.0,0.5,0.5,0.5,False
38,1,after_update,agent_001,Low Risk,1.0,1.0,1.0,0.4,0.4,0.4,False
38,1,after_update,agent_002,Low Risk,1.0,1.0,1.0,0.4,0.4,0.4,False
38,1,after_update,agent_003,Low Risk,1.0,1.0,1.0,0.4,0.4,0.4,False
38,1,after_update,agent_004,Low Risk,1.0,1.0,1.0,0.4,0.4,0.4,False
38,1,after_update,agent_005,Low Risk,1.0,1.0,1.0,0.4,0.4,0.4,False
38,1,after_update,agent_006,Low Risk,1.0,1.0,1.0,0.4,0.4,0.4,False
39,1,before_update,agent_001,Low Risk,1.0,1.0,1.0,0.5,0.5,0.5,False
39,1,before_update,agent_002,Low Risk,1.0,1.0,1.0,0.5,0.5,0.5,False
39,1,before_update,agent_003,Low Risk,1.0,1.0,1.0,0.5,0.5,0.5,False
39,1,before_update,agent_004,Low Risk,1.0,1.0,1.0,0.5,0.5,0.5,False
39,1,before_update,agent_005,Low Risk,1.0,1.0,1.0,0.5,0.5,0.5,False
39,1,before_update,agent_006,Low Risk,1.0,1.0,1.0,0.5,0.5,0.5,False
39,1,after_update,agent_001,Low Risk,1.0,1.0,1.0,0.4,0.4,0.4,False
39,1,after_update,agent_002,Low Risk,1.0,1.0,1.0,0.4,0.4,0.4,False
39,1,after_update,agent_003,Low Risk,1.0,1.0,1.0,0.4,0.4,0.4,False
39,1,after_update,agent_004,Low Risk,1.0,1.0,1.0,0.4,0.4,0.4,False
39,1,after_update,agent_005,Low Risk,1.0,1.0,1.0,0.4,0.4,0.4,False
39,1,after_update,agent_006,Low Risk,1.0,1.0,1.0,0.4,0.4,0.4,False
40,1,before_update,agent_001,Low Risk,1.0,1.0,1.0,0.5,0.5,0.5,False
40,1,before_update,agent_002,Low Risk,1.0,1.0,1.0,0.5,0.5,0.5,False
40,1,before_update,agent_003,Low Risk,1.0,1.0,1.0,0.5,0.5,0.5,False
40,1,before_update,agent_004,Low Risk,1.0,1.0,1.0,0.5,0.5,0.5,False
40,1,before_update,agent_005,Low Risk,1.0,1.0,1.0,0.5,0.5,0.5,False
40,1,before_update,agent_006,Low Risk,1.0,1.0,1.0,0.5,0.5,0.5,False
40,1,after_update,agent_001,Low Risk,1.0,1.0,1.0,0.4,0.4,0.4,False
40,1,after_update,agent_002,Low Risk,1.0,1.0,1.0,0.4,0.4,0.4,False
40,1,after_update,agent_003,Low Risk,1.0,1.0,1.0,0.4,0.4,0.4,False
40,1,after_update,agent_004,Low Risk,1.0,1.0,1.0,0.4,0.4,0.4,False
40,1,after_update,agent_005,Low Risk,1.0,1.0,1.0,0.4,0.4,0.4,False
40,1,after_update,agent_006,Low Risk,1.0,1.0,1.0,0.4,0.4,0.4,False
41,1,before_update,agent_001,Low Risk,1.0,1.0,1.0,0.5,0.5,0.5,False
41,1,before_update,agent_002,Low Risk,1.0,1.0,1.0,0.5,0.5,0.5,False
41,1,before_update,agent_003,Low Risk,1.0,1.0,1.0,0.5,0.5,0.5,False
41,1,before_update,agent_004,Low Risk,1.0,1.0,1.0,0.5,0.5,0.5,False
41,1,before_update,agent_005,Low Risk,1.0,1.0,1.0,0.5,0.5,0.5,False
41,1,before_update,agent_006,Low Risk,1.0,1.0,1.0,0.5,0.5,0.5,False
41,1,after_update,agent_001,Low Risk,1.0,1.0,1.0,0.4,0.4,0.4,False
41,1,after_update,agent_002,Low Risk,1.0,1.0,1.0,0.4,0.4,0.4,False
41,1,after_update,agent_003,Low Risk,1.0,1.0,1.0,0.4,0.4,0.4,False
41,1,after_update,agent_004,Low Risk,1.0,1.0,1.0,0.4,0.4,0.4,False
41,1,after_update,agent_005,Low Risk,1.0,1.0,1.0,0.4,0.4,0.4,False
41,1,after_update,agent_006,Low Risk,1.0,1.0,1.0,0.4,0.4,0.4,False
42,1,before_update,agent_001,Low Risk,1.0,1.0,1.0,0.5,0.5,0.5,False
42,1,before_update,agent_002,Low Risk,1.0,1.0,1.0,0.5,0.5,0.5,False
42,1,before_update,agent_003,Low Risk,1.0,1.0,1.0,0.5,0.5,0.5,False
42,1,before_update,agent_004,Low Risk,1.0,1.0,1.0,0.5,0.5,0.5,False
42,1,before_update,agent_005,Low Risk,1.0,1.0,1.0,0.5,0.5,0.5,False
42,1,before_update,agent_006,Low Risk,1.0,1.0,1.0,0.5,0.5,0.5,False
42,1,after_update,agent_001,Low Risk,1.0,1.0,1.0,0.4,0.4,0.4,False
42,1,after_update,agent_002,Low Risk,1.0,1.0,1.0,0.4,0.4,0.4,False
42,1,after_update,agent_003,Low Risk,1.0,1.0,1.0,0.4,0.4,0.4,False
42,1,after_update,agent_004,Low Risk,1.0,1.0,1.0,0.4,0.4,0.4,False
42,1,after_update,agent_005,Low Risk,1.0,1.0,1.0,0.4,0.4,0.4,False
42,1,after_update,agent_006,Low Risk,1.0,1.0,1.0,0.4,0.4,0.4,False
43,1,before_update,agent_001,Low Risk,1.0,1.0,1.0,0.5,0.5,0.5,False
43,1,before_update,agent_002,Low Risk,1.0,1.0,1.0,0.5,0.5,0.5,False
43,1,before_update,agent_003,Low Risk,1.0,1.0,1.0,0.5,0.5,0.5,False
43,1,before_update,agent_004,Low Risk,1.0,1.0,1.0,0.5,0.5,0.5,False
43,1,before_update,agent_005,Low Risk,1.0,1.0,1.0,0.5,0.5,0.5,False
43,1,before_update,agent_006,Low Risk,1.0,1.0,1.0,0.5,0.5,0.5,False
43,1,after_update,agent_001,Low Risk,1.0,1.0,1.0,0.4,0.4,0.4,False
43,1,after_update,agent_002,Low Risk,1.0,1.0,1.0,0.4,0.4,0.4,False
43,1,after_update,agent_003,Low Risk,1.0,1.0,1.0,0.4,0.4,0.4,False
43,1,after_update,agent_004,Low Risk,1.0,1.0,1.0,0.4,0.4,0.4,False
43,1,after_update,agent_005,Low Risk,1.0,1.0,1.0,0.4,0.4,0.4,False
43,1,after_update,agent_006,Low Risk,1.0,1.0,1.0,0.4,0.4,0.4,False
44,1,before_update,agent_001,Low Risk,1.0,1.0,1.0,0.5,0.5,0.5,False
44,1,before_update,agent_002,Low Risk,1.0,1.0,1.0,0.5,0.5,0.5,False
44,1,before_update,agent_003,Low Risk,1.0,1.0,1.0,0.5,0.5,0.5,False
44,1,before_update,agent_004,Low Risk,1.0,1.0,1.0,0.5,0.5,0.5,False
44,1,before_update,agent_005,Low Risk,1.0,1.0,1.0,0.5,0.5,0.5,False
44,1,before_update,agent_006,Low Risk,1.0,1.0,1.0,0.5,0.5,0.5,False
44,1,after_update,agent_001,Low Risk,1.0,1.0,1.0,0.4,0.4,0.4,False
44,1,after_update,agent_002,Low Risk,1.0,1.0,1.0,0.4,0.4,0.4,False
44,1,after_update,agent_003,Low Risk,1.0,1.0,1.0,0.4,0.4,0.4,False
44,1,after_update,agent_004,Low Risk,1.0,1.0,1.0,0.4,0.4,0.4,False
44,1,after_update,agent_005,Low Risk,1.0,1.0,1.0,0.4,0.4,0.4,False
44,1,after_update,agent_006,Low Risk,1.0,1.0,1.0,0.4,0.4,0.4,False
45,1,before_update,agent_001,Low Risk,1.0,1.0,1.0,0.5,0.5,0.5,False
45,1,before_update,agent_002,Low Risk,1.0,1.0,1.0,0.5,0.5,0.5,False
45,1,before_update,agent_003,Low Risk,1.0,1.0,1.0,0.5,0.5,0.5,False
45,1,before_update,agent_004,Low Risk,1.0,1.0,1.0,0.5,0.5,0.5,False
45,1,before_update,agent_005,Low Risk,1.0,1.0,1.0,0.5,0.5,0.5,False
45,1,before_update,agent_006,Low Risk,1.0,1.0,1.0,0.5,0.5,0.5,False
45,1,after_update,agent_001,Low Risk,1.0,1.0,1.0,0.4,0.4,0.4,False
45,1,after_update,agent_002,Low Risk,1.0,1.0,1.0,0.4,0.4,0.4,False
45,1,after_update,agent_003,Low Risk,1.0,1.0,1.0,0.4,0.4,0.4,False
45,1,after_update,agent_004,Low Risk,1.0,1.0,1.0,0.4,0.4,0.4,False
45,1,after_update,agent_005,Low Risk,1.0,1.0,1.0,0.4,0.4,0.4,False
45,1,after_update,agent_006,Low Risk,1.0,1.0,1.0,0.4,0.4,0.4,False
46,1,before_update,agent_001,Low Risk,1.0,0.9104,1.0,0.5,0.5,0.5,False
46,1,before_update,agent_002,Low Risk,1.0,0.9552,1.0,0.5,0.5,0.5,False
46,1,before_update,agent_003,Low Risk,1.0,0.9552,1.0,0.5,0.5,0.5,False
46,1,before_update,agent_004,Low Risk,1.0,0.9552,1.0,0.5,0.5,0.5,False
46,1,before_update,agent_005,Low Risk,1.0,0.9104,1.0,0.5,0.5,0.5,False
46,1,before_update,agent_006,Low Risk,1.0,0.9552,1.0,0.5,0.5,0.5,False
46,1,after_update,agent_001,Low Risk,1.0,0.9104,1.0,0.4,0.4,0.4,False
46,1,after_update,agent_002,Low Risk,1.0,0.9552,1.0,0.4,0.4,0.4,False
46,1,after_update,agent_003,Low Risk,1.0,0.9552,1.0,0.4,0.4,0.4,False
46,1,after_update,agent_004,Low Risk,1.0,0.9552,1.0,0.4,0.4,0.4,False
46,1,after_update,agent_005,Low Risk,1.0,0.9104,1.0,0.4,0.4,0.4,False
46,1,after_update,agent_006,Low Risk,1.0,0.9552,1.0,0.4,0.4,0.4,False
47,1,before_update,agent_001,Low Risk,1.0,1.0,1.0,0.5,0.5,0.5,False
47,1,before_update,agent_002,Low Risk,1.0,1.0,1.0,0.5,0.5,0.5,False
47,1,before_update,agent_003,Low Risk,1.0,1.0,1.0,0.5,0.5,0.5,False
47,1,before_update,agent_004,Low Risk,1.0,1.0,1.0,0.5,0.5,0.5,False
47,1,before_update,agent_005,Low Risk,1.0,1.0,1.0,0.5,0.5,0.5,False
47,1,before_update,agent_006,Low Risk,1.0,1.0,1.0,0.5,0.5,0.5,False
47,1,after_update,agent_001,Low Risk,1.0,1.0,1.0,0.4,0.4,0.4,False
47,1,after_update,agent_002,Low Risk,1.0,1.0,1.0,0.4,0.4,0.4,False
47,1,after_update,agent_003,Low Risk,1.0,1.0,1.0,0.4,0.4,0.4,False
47,1,after_update,agent_004,Low Risk,1.0,1.0,1.0,0.4,0.4,0.4,False
47,1,after_update,agent_005,Low Risk,1.0,1.0,1.0,0.4,0.4,0.4,False
47,1,after_update,agent_006,Low Risk,1.0,1.0,1.0,0.4,0.4,0.4,False
48,1,before_update,agent_001,Low Risk,1.0,1.0,1.0,0.5,0.5,0.5,False
48,1,before_update,agent_002,Low Risk,1.0,1.0,1.0,0.5,0.5,0.5,False
48,1,before_update,agent_003,Low Risk,1.0,1.0,1.0,0.5,0.5,0.5,False
48,1,before_update,agent_004,Low Risk,1.0,1.0,1.0,0.5,0.5,0.5,False
48,1,before_update,agent_005,Low Risk,1.0,1.0,1.0,0.5,0.5,0.5,False
48,1,before_update,agent_006,Low Risk,1.0,1.0,1.0,0.5,0.5,0.5,False
48,1,after_update,agent_001,Low Risk,1.0,1.0,1.0,0.4,0.4,0.4,False
48,1,after_update,agent_002,Low Risk,1.0,1.0,1.0,0.4,0.4,0.4,False
48,1,after_update,agent_003,Low Risk,1.0,1.0,1.0,0.4,0.4,0.4,False
48,1,after_update,agent_004,Low Risk,1.0,1.0,1.0,0.4,0.4,0.4,False
48,1,after_update,agent_005,Low Risk,1.0,1.0,1.0,0.4,0.4,0.4,False
48,1,after_update,agent_006,Low Risk,1.0,1.0,1.0,0.4,0.4,0.4,False
49,1,before_update,agent_001,Low Risk,1.0,1.0,1.0,0.5,0.5,0.5,False
49,1,before_update,agent_002,Low Risk,1.0,1.0,1.0,0.5,0.5,0.5,False
49,1,before_update,agent_003,Low Risk,1.0,1.0,1.0,0.5,0.5,0.5,False
49,1,before_update,agent_004,Low Risk,1.0,1.0,1.0,0.5,0.5,0.5,False
49,1,before_update,agent_005,Low Risk,1.0,1.0,1.0,0.5,0.5,0.5,False
49,1,before_update,agent_006,Low Risk,1.0,1.0,1.0,0.5,0.5,0.5,False
49,1,after_update,agent_001,Low Risk,1.0,1.0,1.0,0.4,0.4,0.4,False
49,1,after_update,agent_002,Low Risk,1.0,1.0,1.0,0.4,0.4,0.4,False
49,1,after_update,agent_003,Low Risk,1.0,1.0,1.0,0.4,0.4,0.4,False
49,1,after_update,agent_004,Low Risk,1.0,1.0,1.0,0.4,0.4,0.4,False
49,1,after_update,agent_005,Low Risk,1.0,1.0,1.0,0.4,0.4,0.4,False
49,1,after_update,agent_006,Low Risk,1.0,1.0,1.0,0.4,0.4,0.4,False
50,1,before_update,agent_001,Low Risk,1.0,1.0,1.0,0.5,0.5,0.5,False
50,1,before_update,agent_002,Low Risk,1.0,1.0,1.0,0.5,0.5,0.5,False
50,1,before_update,agent_003,Low Risk,1.0,1.0,1.0,0.5,0.5,0.5,False
50,1,before_update,agent_004,Low Risk,1.0,1.0,1.0,0.5,0.5,0.5,False
50,1,before_update,agent_005,Low Risk,1.0,1.0,1.0,0.5,0.5,0.5,False
50,1,before_update,agent_006,Low Risk,1.0,1.0,1.0,0.5,0.5,0.5,False
50,1,after_update,agent_001,Low Risk,1.0,1.0,1.0,0.4,0.4,0.4,False
50,1,after_update,agent_002,Low Risk,1.0,1.0,1.0,0.4,0.4,0.4,False
50,1,after_update,agent_003,Low Risk,1.0,1.0,1.0,0.4,0.4,0.4,False
50,1,after_update,agent_004,Low Risk,1.0,1.0,1.0,0.4,0.4,0.4,False
50,1,after_update,agent_005,Low Risk,1.0,1.0,1.0,0.4,0.4,0.4,False
50,1,after_update,agent_006,Low Risk,1.0,1.0,1.0,0.4,0.4,0.4,False
51,1,before_update,agent_001,Low Risk,1.0,1.0,1.0,0.5,0.5,0.5,False
51,1,before_update,agent_002,Low Risk,1.0,1.0,1.0,0.5,0.5,0.5,False
51,1,before_update,agent_003,Low Risk,1.0,1.0,1.0,0.5,0.5,0.5,False
51,1,before_update,agent_004,Low Risk,1.0,1.0,1.0,0.5,0.5,0.5,False
51,1,before_update,agent_005,Low Risk,1.0,1.0,1.0,0.5,0.5,0.5,False
51,1,before_update,agent_006,Low Risk,1.0,1.0,1.0,0.5,0.5,0.5,False
51,1,after_update,agent_001,Low Risk,1.0,1.0,1.0,0.4,0.4,0.4,False
51,1,after_update,agent_002,Low Risk,1.0,1.0,1.0,0.4,0.4,0.4,False
51,1,after_update,agent_003,Low Risk,1.0,1.0,1.0,0.4,0.4,0.4,False
51,1,after_update,agent_004,Low Risk,1.0,1.0,1.0,0.4,0.4,0.4,False
51,1,after_update,agent_005,Low Risk,1.0,1.0,1.0,0.4,0.4,0.4,False
51,1,after_update,agent_006,Low Risk,1.0,1.0,1.0,0.4,0.4,0.4,False
52,1,before_update,agent_001,Medium Risk,1.0,1.0,0.1,0.5,0.5,0.5,True
52,1,before_update,agent_002,Medium Risk,1.0,1.0,0.1,0.5,0.5,0.5,True
52,1,before_update,agent_003,Medium Risk,1.0,1.0,0.1,0.5,0.5,0.5,True
52,1,before_update,agent_004,Medium Risk,1.0,1.0,0.1,0.5,0.5,0.5,True
52,1,before_update,agent_005,Medium Risk,1.0,1.0,0.1,0.5,0.5,0.5,True
52,1,before_update,agent_006,Medium Risk,1.0,1.0,0.1,0.5,0.5,0.5,True
52,1,after_update,agent_001,Medium Risk,1.0,1.0,0.1,0.6667,0.6667,0.5,True
52,1,after_update,agent_002,Medium Risk,1.0,1.0,0.1,0.6667,0.6667,0.5,True
52,1,after_update,agent_003,Medium Risk,1.0,1.0,0.1,0.6667,0.6667,0.5,True
52,1,after_update,agent_004,Medium Risk,1.0,1.0,0.1,0.6667,0.6667,0.5,True
52,1,after_update,agent_005,Medium Risk,1.0,1.0,0.1,0.6667,0.6667,0.5,True
52,1,after_update,agent_006,Medium Risk,1.0,1.0,0.1,0.6667,0.6667,0.5,True
53,1,before_update,agent_001,Medium Risk,1.0,0.9104,0.1,0.5,0.5,0.5,True
53,1,before_update,agent_002,Low Risk,1.0,0.9552,1.0,0.5,0.5,0.5,False
53,1,before_update,agent_003,Low Risk,1.0,0.9552,1.0,0.5,0.5,0.5,False
53,1,before_update,agent_004,Low Risk,1.0,0.9552,1.0,0.5,0.5,0.5,False
53,1,before_update,agent_005,Medium Risk,1.0,0.9104,0.1,0.5,0.5,0.5,True
53,1,before_update,agent_006,Low Risk,1.0,0.9552,1.0,0.5,0.5,0.5,False
53,1,after_update,agent_001,Medium Risk,1.0,0.9104,0.1,0.6667,0.6667,0.5,True
53,1,after_update,agent_002,Low Risk,1.0,0.9552,1.0,0.4,0.4,0.4,False
53,1,after_update,agent_003,Low Risk,1.0,0.9552,1.0,0.4,0.4,0.4,False
53,1,after_update,agent_004,Low Risk,1.0,0.9552,1.0,0.4,0.4,0.4,False
53,1,after_update,agent_005,Medium Risk,1.0,0.9104,0.1,0.6667,0.6667,0.5,True
53,1,after_update,agent_006,Low Risk,1.0,0.9552,1.0,0.4,0.4,0.4,False
54,1,before_update,agent_001,Low Risk,1.0,1.0,1.0,0.5,0.5,0.5,False
54,1,before_update,agent_002,Low Risk,1.0,1.0,1.0,0.5,0.5,0.5,False
54,1,before_update,agent_003,Low Risk,1.0,1.0,1.0,0.5,0.5,0.5,False
54,1,before_update,agent_004,Low Risk,1.0,1.0,1.0,0.5,0.5,0.5,False
54,1,before_update,agent_005,Low Risk,1.0,1.0,1.0,0.5,0.5,0.5,False
54,1,before_update,agent_006,Low Risk,1.0,1.0,1.0,0.5,0.5,0.5,False
54,1,after_update,agent_001,Low Risk,1.0,1.0,1.0,0.4,0.4,0.4,False
54,1,after_update,agent_002,Low Risk,1.0,1.0,1.0,0.4,0.4,0.4,False
54,1,after_update,agent_003,Low Risk,1.0,1.0,1.0,0.4,0.4,0.4,False
54,1,after_update,agent_004,Low Risk,1.0,1.0,1.0,0.4,0.4,0.4,False
54,1,after_update,agent_005,Low Risk,1.0,1.0,1.0,0.4,0.4,0.4,False
54,1,after_update,agent_006,Low Risk,1.0,1.0,1.0,0.4,0.4,0.4,False
55,1,before_update,agent_001,Low Risk,1.0,1.0,1.0,0.5,0.5,0.5,False
55,1,before_update,agent_002,Low Risk,1.0,1.0,1.0,0.5,0.5,0.5,False
55,1,before_update,agent_003,Low Risk,1.0,1.0,1.0,0.5,0.5,0.5,False
55,1,before_update,agent_004,Low Risk,1.0,1.0,1.0,0.5,0.5,0.5,False
55,1,before_update,agent_005,Low Risk,1.0,1.0,1.0,0.5,0.5,0.5,False
55,1,before_update,agent_006,Low Risk,1.0,1.0,1.0,0.5,0.5,0.5,False
55,1,after_update,agent_001,Low Risk,1.0,1.0,1.0,0.4,0.4,0.4,False
55,1,after_update,agent_002,Low Risk,1.0,1.0,1.0,0.4,0.4,0.4,False
55,1,after_update,agent_003,Low Risk,1.0,1.0,1.0,0.4,0.4,0.4,False
55,1,after_update,agent_004,Low Risk,1.0,1.0,1.0,0.4,0.4,0.4,False
55,1,after_update,agent_005,Low Risk,1.0,1.0,1.0,0.4,0.4,0.4,False
55,1,after_update,agent_006,Low Risk,1.0,1.0,1.0,0.4,0.4,0.4,False
56,1,before_update,agent_001,Low Risk,1.0,0.8676,1.0,0.5,0.5,0.5,False
56,1,before_update,agent_002,Low Risk,1.0,0.9735,1.0,0.5,0.5,0.5,False
56,1,before_update,agent_003,Low Risk,1.0,0.9735,1.0,0.5,0.5,0.5,False
56,1,before_update,agent_004,Low Risk,1.0,0.9735,1.0,0.5,0.5,0.5,False
56,1,before_update,agent_005,Low Risk,1.0,0.9735,1.0,0.5,0.5,0.5,False
56,1,before_update,agent_006,Low Risk,1.0,0.9735,1.0,0.5,0.5,0.5,False
56,1,after_update,agent_001,Low Risk,1.0,0.8676,1.0,0.4,0.4,0.4,False
56,1,after_update,agent_002,Low Risk,1.0,0.9735,1.0,0.4,0.4,0.4,False
56,1,after_update,agent_003,Low Risk,1.0,0.9735,1.0,0.4,0.4,0.4,False
56,1,after_update,agent_004,Low Risk,1.0,0.9735,1.0,0.4,0.4,0.4,False
56,1,after_update,agent_005,Low Risk,1.0,0.9735,1.0,0.4,0.4,0.4,False
56,1,after_update,agent_006,Low Risk,1.0,0.9735,1.0,0.4,0.4,0.4,False
57,1,before_update,agent_001,Low Risk,1.0,1.0,1.0,0.5,0.5,0.5,False
57,1,before_update,agent_002,Low Risk,1.0,1.0,1.0,0.5,0.5,0.5,False
57,1,before_update,agent_003,Low Risk,1.0,1.0,1.0,0.5,0.5,0.5,False
57,1,before_update,agent_004,Low Risk,1.0,1.0,1.0,0.5,0.5,0.5,False
57,1,before_update,agent_005,Low Risk,1.0,1.0,1.0,0.5,0.5,0.5,False
57,1,before_update,agent_006,Low Risk,1.0,1.0,1.0,0.5,0.5,0.5,False
57,1,after_update,agent_001,Low Risk,1.0,1.0,1.0,0.4,0.4,0.4,False
57,1,after_update,agent_002,Low Risk,1.0,1.0,1.0,0.4,0.4,0.4,False
57,1,after_update,agent_003,Low Risk,1.0,1.0,1.0,0.4,0.4,0.4,False
57,1,after_update,agent_004,Low Risk,1.0,1.0,1.0,0.4,0.4,0.4,False
57,1,after_update,agent_005,Low Risk,1.0,1.0,1.0,0.4,0.4,0.4,False
57,1,after_update,agent_006,Low Risk,1.0,1.0,1.0,0.4,0.4,0.4,False
58,1,before_update,agent_001,Low Risk,1.0,1.0,1.0,0.5,0.5,0.5,False
58,1,before_update,agent_002,Low Risk,1.0,1.0,1.0,0.5,0.5,0.5,False
58,1,before_update,agent_003,Low Risk,1.0,1.0,1.0,0.5,0.5,0.5,False
58,1,before_update,agent_004,Low Risk,1.0,1.0,1.0,0.5,0.5,0.5,False
58,1,before_update,agent_005,Low Risk,1.0,1.0,1.0,0.5,0.5,0.5,False
58,1,before_update,agent_006,Low Risk,1.0,1.0,1.0,0.5,0.5,0.5,False
58,1,after_update,agent_001,Low Risk,1.0,1.0,1.0,0.4,0.4,0.4,False
58,1,after_update,agent_002,Low Risk,1.0,1.0,1.0,0.4,0.4,0.4,False
58,1,after_update,agent_003,Low Risk,1.0,1.0,1.0,0.4,0.4,0.4,False
58,1,after_update,agent_004,Low Risk,1.0,1.0,1.0,0.4,0.4,0.4,False
58,1,after_update,agent_005,Low Risk,1.0,1.0,1.0,0.4,0.4,0.4,False
58,1,after_update,agent_006,Low Risk,1.0,1.0,1.0,0.4,0.4,0.4,False
59,1,before_update,agent_001,Low Risk,1.0,1.0,1.0,0.5,0.5,0.5,False
59,1,before_update,agent_002,Low Risk,1.0,1.0,1.0,0.5,0.5,0.5,False
59,1,before_update,agent_003,Low Risk,1.0,1.0,1.0,0.5,0.5,0.5,False
59,1,before_update,agent_004,Low Risk,1.0,1.0,1.0,0.5,0.5,0.5,False
59,1,before_update,agent_005,Low Risk,1.0,1.0,1.0,0.5,0.5,0.5,False
59,1,before_update,agent_006,Low Risk,1.0,1.0,1.0,0.5,0.5,0.5,False
59,1,after_update,agent_001,Low Risk,1.0,1.0,1.0,0.4,0.4,0.4,False
59,1,after_update,agent_002,Low Risk,1.0,1.0,1.0,0.4,0.4,0.4,False
59,1,after_update,agent_003,Low Risk,1.0,1.0,1.0,0.4,0.4,0.4,False
59,1,after_update,agent_004,Low Risk,1.0,1.0,1.0,0.4,0.4,0.4,False
59,1,after_update,agent_005,Low Risk,1.0,1.0,1.0,0.4,0.4,0.4,False
59,1,after_update,agent_006,Low Risk,1.0,1.0,1.0,0.4,0.4,0.4,False
60,1,before_update,agent_001,Low Risk,1.0,1.0,1.0,0.5,0.5,0.5,False
60,1,before_update,agent_002,Low Risk,1.0,1.0,1.0,0.5,0.5,0.5,False
60,1,before_update,agent_003,Low Risk,1.0,1.0,1.0,0.5,0.5,0.5,False
60,1,before_update,agent_004,Low Risk,1.0,1.0,1.0,0.5,0.5,0.5,False
60,1,before_update,agent_005,Low Risk,1.0,1.0,1.0,0.5,0.5,0.5,False
60,1,before_update,agent_006,Low Risk,1.0,1.0,1.0,0.5,0.5,0.5,False
60,1,after_update,agent_001,Low Risk,1.0,1.0,1.0,0.4,0.4,0.4,False
60,1,after_update,agent_002,Low Risk,1.0,1.0,1.0,0.4,0.4,0.4,False
60,1,after_update,agent_003,Low Risk,1.0,1.0,1.0,0.4,0.4,0.4,False
60,1,after_update,agent_004,Low Risk,1.0,1.0,1.0,0.4,0.4,0.4,False
60,1,after_update,agent_005,Low Risk,1.0,1.0,1.0,0.4,0.4,0.4,False
60,1,after_update,agent_006,Low Risk,1.0,1.0,1.0,0.4,0.4,0.4,False
61,1,before_update,agent_001,Low Risk,1.0,1.0,1.0,0.5,0.5,0.5,False
61,1,before_update,agent_002,Low Risk,1.0,1.0,1.0,0.5,0.5,0.5,False
61,1,before_update,agent_003,Low Risk,1.0,1.0,1.0,0.5,0.5,0.5,False
61,1,before_update,agent_004,Low Risk,1.0,1.0,1.0,0.5,0.5,0.5,False
61,1,before_update,agent_005,Low Risk,1.0,1.0,1.0,0.5,0.5,0.5,False
61,1,before_update,agent_006,Low Risk,1.0,1.0,1.0,0.5,0.5,0.5,False
61,1,after_update,agent_001,Low Risk,1.0,1.0,1.0,0.4,0.4,0.4,False
61,1,after_update,agent_002,Low Risk,1.0,1.0,1.0,0.4,0.4,0.4,False
61,1,after_update,agent_003,Low Risk,1.0,1.0,1.0,0.4,0.4,0.4,False
61,1,after_update,agent_004,Low Risk,1.0,1.0,1.0,0.4,0.4,0.4,False
61,1,after_update,agent_005,Low Risk,1.0,1.0,1.0,0.4,0.4,0.4,False
61,1,after_update,agent_006,Low Risk,1.0,1.0,1.0,0.4,0.4,0.4,False
62,1,before_update,agent_001,Low Risk,1.0,1.0,1.0,0.5,0.5,0.5,False
62,1,before_update,agent_002,Low Risk,1.0,1.0,1.0,0.5,0.5,0.5,False
62,1,before_update,agent_003,Low Risk,1.0,1.0,1.0,0.5,0.5,0.5,False
62,1,before_update,agent_004,Low Risk,1.0,1.0,1.0,0.5,0.5,0.5,False
62,1,before_update,agent_005,Low Risk,1.0,1.0,1.0,0.5,0.5,0.5,False
62,1,before_update,agent_006,Low Risk,1.0,1.0,1.0,0.5,0.5,0.5,False
62,1,after_update,agent_001,Low Risk,1.0,1.0,1.0,0.4,0.4,0.4,False
62,1,after_update,agent_002,Low Risk,1.0,1.0,1.0,0.4,0.4,0.4,False
62,1,after_update,agent_003,Low Risk,1.0,1.0,1.0,0.4,0.4,0.4,False
62,1,after_update,agent_004,Low Risk,1.0,1.0,1.0,0.4,0.4,0.4,False
62,1,after_update,agent_005,Low Risk,1.0,1.0,1.0,0.4,0.4,0.4,False
62,1,after_update,agent_006,Low Risk,1.0,1.0,1.0,0.4,0.4,0.4,False
63,1,before_update,agent_001,Low Risk,1.0,1.0,1.0,0.5,0.5,0.5,False
63,1,before_update,agent_002,Low Risk,1.0,1.0,1.0,0.5,0.5,0.5,False
63,1,before_update,agent_003,Low Risk,1.0,1.0,1.0,0.5,0.5,0.5,False
63,1,before_update,agent_004,Low Risk,1.0,1.0,1.0,0.5,0.5,0.5,False
63,1,before_update,agent_005,Low Risk,1.0,1.0,1.0,0.5,0.5,0.5,False
63,1,before_update,agent_006,Low Risk,1.0,1.0,1.0,0.5,0.5,0.5,False
63,1,after_update,agent_001,Low Risk,1.0,1.0,1.0,0.4,0.4,0.4,False
63,1,after_update,agent_002,Low Risk,1.0,1.0,1.0,0.4,0.4,0.4,False
63,1,after_update,agent_003,Low Risk,1.0,1.0,1.0,0.4,0.4,0.4,False
63,1,after_update,agent_004,Low Risk,1.0,1.0,1.0,0.4,0.4,0.4,False
63,1,after_update,agent_005,Low Risk,1.0,1.0,1.0,0.4,0.4,0.4,False
63,1,after_update,agent_006,Low Risk,1.0,1.0,1.0,0.4,0.4,0.4,False
64,1,before_update,agent_001,Low Risk,1.0,1.0,1.0,0.5,0.5,0.5,False
64,1,before_update,agent_002,Low Risk,1.0,1.0,1.0,0.5,0.5,0.5,False
64,1,before_update,agent_003,Low Risk,1.0,1.0,1.0,0.5,0.5,0.5,False
64,1,before_update,agent_004,Low Risk,1.0,1.0,1.0,0.5,0.5,0.5,False
64,1,before_update,agent_005,Low Risk,1.0,1.0,1.0,0.5,0.5,0.5,False
64,1,before_update,agent_006,Low Risk,1.0,1.0,1.0,0.5,0.5,0.5,False
64,1,after_update,agent_001,Low Risk,1.0,1.0,1.0,0.4,0.4,0.4,False
64,1,after_update,agent_002,Low Risk,1.0,1.0,1.0,0.4,0.4,0.4,False
64,1,after_update,agent_003,Low Risk,1.0,1.0,1.0,0.4,0.4,0.4,False
64,1,after_update,agent_004,Low Risk,1.0,1.0,1.0,0.4,0.4,0.4,False
64,1,after_update,agent_005,Low Risk,1.0,1.0,1.0,0.4,0.4,0.4,False
64,1,after_update,agent_006,Low Risk,1.0,1.0,1.0,0.4,0.4,0.4,False
65,1,before_update,agent_001,Low Risk,1.0,1.0,1.0,0.5,0.5,0.5,False
65,1,before_update,agent_002,Low Risk,1.0,1.0,1.0,0.5,0.5,0.5,False
65,1,before_update,agent_003,Low Risk,1.0,1.0,1.0,0.5,0.5,0.5,False
65,1,before_update,agent_004,Low Risk,1.0,1.0,1.0,0.5,0.5,0.5,False
65,1,before_update,agent_005,Low Risk,1.0,1.0,1.0,0.5,0.5,0.5,False
65,1,before_update,agent_006,Low Risk,1.0,1.0,1.0,0.5,0.5,0.5,False
65,1,after_update,agent_001,Low Risk,1.0,1.0,1.0,0.4,0.4,0.4,False
65,1,after_update,agent_002,Low Risk,1.0,1.0,1.0,0.4,0.4,0.4,False
65,1,after_update,agent_003,Low Risk,1.0,1.0,1.0,0.4,0.4,0.4,False
65,1,after_update,agent_004,Low Risk,1.0,1.0,1.0,0.4,0.4,0.4,False
65,1,after_update,agent_005,Low Risk,1.0,1.0,1.0,0.4,0.4,0.4,False
65,1,after_update,agent_006,Low Risk,1.0,1.0,1.0,0.4,0.4,0.4,False
66,1,before_update,agent_001,Low Risk,1.0,1.0,1.0,0.5,0.5,0.5,False
66,1,before_update,agent_002,Low Risk,1.0,1.0,1.0,0.5,0.5,0.5,False
66,1,before_update,agent_003,Low Risk,1.0,1.0,1.0,0.5,0.5,0.5,False
66,1,before_update,agent_004,Low Risk,1.0,1.0,1.0,0.5,0.5,0.5,False
66,1,before_update,agent_005,Low Risk,1.0,1.0,1.0,0.5,0.5,0.5,False
66,1,before_update,agent_006,Low Risk,1.0,1.0,1.0,0.5,0.5,0.5,False
66,1,after_update,agent_001,Low Risk,1.0,1.0,1.0,0.4,0.4,0.4,False
66,1,after_update,agent_002,Low Risk,1.0,1.0,1.0,0.4,0.4,0.4,False
66,1,after_update,agent_003,Low Risk,1.0,1.0,1.0,0.4,0.4,0.4,False
66,1,after_update,agent_004,Low Risk,1.0,1.0,1.0,0.4,0.4,0.4,False
66,1,after_update,agent_005,Low Risk,1.0,1.0,1.0,0.4,0.4,0.4,False
66,1,after_update,agent_006,Low Risk,1.0,1.0,1.0,0.4,0.4,0.4,False
67,1,before_update,agent_001,Low Risk,1.0,1.0,1.0,0.5,0.5,0.5,False
67,1,before_update,agent_002,Low Risk,1.0,1.0,1.0,0.5,0.5,0.5,False
67,1,before_update,agent_003,Low Risk,1.0,1.0,1.0,0.5,0.5,0.5,False
67,1,before_update,agent_004,Low Risk,1.0,1.0,1.0,0.5,0.5,0.5,False
67,1,before_update,agent_005,Low Risk,1.0,1.0,1.0,0.5,0.5,0.5,False
67,1,before_update,agent_006,Low Risk,1.0,1.0,1.0,0.5,0.5,0.5,False
67,1,after_update,agent_001,Low Risk,1.0,1.0,1.0,0.4,0.4,0.4,False
67,1,after_update,agent_002,Low Risk,1.0,1.0,1.0,0.4,0.4,0.4,False
67,1,after_update,agent_003,Low Risk,1.0,1.0,1.0,0.4,0.4,0.4,False
67,1,after_update,agent_004,Low Risk,1.0,1.0,1.0,0.4,0.4,0.4,False
67,1,after_update,agent_005,Low Risk,1.0,1.0,1.0,0.4,0.4,0.4,False
67,1,after_update,agent_006,Low Risk,1.0,1.0,1.0,0.4,0.4,0.4,False
68,1,before_update,agent_001,Low Risk,1.0,1.0,1.0,0.5,0.5,0.5,False
68,1,before_update,agent_002,Low Risk,1.0,1.0,1.0,0.5,0.5,0.5,False
68,1,before_update,agent_003,Low Risk,1.0,1.0,1.0,0.5,0.5,0.5,False
68,1,before_update,agent_004,Low Risk,1.0,1.0,1.0,0.5,0.5,0.5,False
68,1,before_update,agent_005,Low Risk,1.0,1.0,1.0,0.5,0.5,0.5,False
68,1,before_update,agent_006,Low Risk,1.0,1.0,1.0,0.5,0.5,0.5,False
68,1,after_update,agent_001,Low Risk,1.0,1.0,1.0,0.4,0.4,0.4,False
68,1,after_update,agent_002,Low Risk,1.0,1.0,1.0,0.4,0.4,0.4,False
68,1,after_update,agent_003,Low Risk,1.0,1.0,1.0,0.4,0.4,0.4,False
68,1,after_update,agent_004,Low Risk,1.0,1.0,1.0,0.4,0.4,0.4,False
68,1,after_update,agent_005,Low Risk,1.0,1.0,1.0,0.4,0.4,0.4,False
68,1,after_update,agent_006,Low Risk,1.0,1.0,1.0,0.4,0.4,0.4,False
69,1,before_update,agent_001,Low Risk,1.0,1.0,1.0,0.5,0.5,0.5,False
69,1,before_update,agent_002,Low Risk,1.0,1.0,1.0,0.5,0.5,0.5,False
69,1,before_update,agent_003,Low Risk,1.0,1.0,1.0,0.5,0.5,0.5,False
69,1,before_update,agent_004,Low Risk,1.0,1.0,1.0,0.5,0.5,0.5,False
69,1,before_update,agent_005,Low Risk,1.0,1.0,1.0,0.5,0.5,0.5,False
69,1,before_update,agent_006,Low Risk,1.0,1.0,1.0,0.5,0.5,0.5,False
69,1,after_update,agent_001,Low Risk,1.0,1.0,1.0,0.4,0.4,0.4,False
69,1,after_update,agent_002,Low Risk,1.0,1.0,1.0,0.4,0.4,0.4,False
69,1,after_update,agent_003,Low Risk,1.0,1.0,1.0,0.4,0.4,0.4,False
69,1,after_update,agent_004,Low Risk,1.0,1.0,1.0,0.4,0.4,0.4,False
69,1,after_update,agent_005,Low Risk,1.0,1.0,1.0,0.4,0.4,0.4,False
69,1,after_update,agent_006,Low Risk,1.0,1.0,1.0,0.4,0.4,0.4,False
70,1,before_update,agent_001,Low Risk,1.0,1.0,1.0,0.5,0.5,0.5,False
70,1,before_update,agent_002,Low Risk,1.0,1.0,1.0,0.5,0.5,0.5,False
70,1,before_update,agent_003,Low Risk,1.0,1.0,1.0,0.5,0.5,0.5,False
70,1,before_update,agent_004,Low Risk,1.0,1.0,1.0,0.5,0.5,0.5,False
70,1,before_update,agent_005,Low Risk,1.0,1.0,1.0,0.5,0.5,0.5,False
70,1,before_update,agent_006,Low Risk,1.0,1.0,1.0,0.5,0.5,0.5,False
70,1,after_update,agent_001,Low Risk,1.0,1.0,1.0,0.4,0.4,0.4,False
70,1,after_update,agent_002,Low Risk,1.0,1.0,1.0,0.4,0.4,0.4,False
70,1,after_update,agent_003,Low Risk,1.0,1.0,1.0,0.4,0.4,0.4,False
70,1,after_update,agent_004,Low Risk,1.0,1.0,1.0,0.4,0.4,0.4,False
70,1,after_update,agent_005,Low Risk,1.0,1.0,1.0,0.4,0.4,0.4,False
70,1,after_update,agent_006,Low Risk,1.0,1.0,1.0,0.4,0.4,0.4,False
71,1,before_update,agent_001,Low Risk,1.0,1.0,1.0,0.5,0.5,0.5,False
71,1,before_update,agent_002,Low Risk,1.0,1.0,1.0,0.5,0.5,0.5,False
71,1,before_update,agent_003,Low Risk,1.0,1.0,1.0,0.5,0.5,0.5,False
71,1,before_update,agent_004,Low Risk,1.0,1.0,1.0,0.5,0.5,0.5,False
71,1,before_update,agent_005,Low Risk,1.0,1.0,1.0,0.5,0.5,0.5,False
71,1,before_update,agent_006,Low Risk,1.0,1.0,1.0,0.5,0.5,0.5,False
71,1,after_update,agent_001,Low Risk,1.0,1.0,1.0,0.4,0.4,0.4,False
71,1,after_update,agent_002,Low Risk,1.0,1.0,1.0,0.4,0.4,0.4,False
71,1,after_update,agent_003,Low Risk,1.0,1.0,1.0,0.4,0.4,0.4,False
71,1,after_update,agent_004,Low Risk,1.0,1.0,1.0,0.4,0.4,0.4,False
71,1,after_update,agent_005,Low Risk,1.0,1.0,1.0,0.4,0.4,0.4,False
71,1,after_update,agent_006,Low Risk,1.0,1.0,1.0,0.4,0.4,0.4,False
72,1,before_update,agent_001,Low Risk,1.0,1.0,1.0,0.5,0.5,0.5,False
72,1,before_update,agent_002,Low Risk,1.0,1.0,1.0,0.5,0.5,0.5,False
72,1,before_update,agent_003,Low Risk,1.0,1.0,1.0,0.5,0.5,0.5,False
72,1,before_update,agent_004,Low Risk,1.0,1.0,1.0,0.5,0.5,0.5,False
72,1,before_update,agent_005,Low Risk,1.0,1.0,1.0,0.5,0.5,0.5,False
72,1,before_update,agent_006,Low Risk,1.0,1.0,1.0,0.5,0.5,0.5,False
72,1,after_update,agent_001,Low Risk,1.0,1.0,1.0,0.4,0.4,0.4,False
72,1,after_update,agent_002,Low Risk,1.0,1.0,1.0,0.4,0.4,0.4,False
72,1,after_update,agent_003,Low Risk,1.0,1.0,1.0,0.4,0.4,0.4,False
72,1,after_update,agent_004,Low Risk,1.0,1.0,1.0,0.4,0.4,0.4,False
72,1,after_update,agent_005,Low Risk,1.0,1.0,1.0,0.4,0.4,0.4,False
72,1,after_update,agent_006,Low Risk,1.0,1.0,1.0,0.4,0.4,0.4,False
73,1,before_update,agent_001,Low Risk,1.0,1.0,1.0,0.5,0.5,0.5,False
73,1,before_update,agent_002,Low Risk,1.0,1.0,1.0,0.5,0.5,0.5,False
73,1,before_update,agent_003,Low Risk,1.0,1.0,1.0,0.5,0.5,0.5,False
73,1,before_update,agent_004,Low Risk,1.0,1.0,1.0,0.5,0.5,0.5,False
73,1,before_update,agent_005,Low Risk,1.0,1.0,1.0,0.5,0.5,0.5,False
73,1,before_update,agent_006,Low Risk,1.0,1.0,1.0,0.5,0.5,0.5,False
73,1,after_update,agent_001,Low Risk,1.0,1.0,1.0,0.4,0.4,0.4,False
73,1,after_update,agent_002,Low Risk,1.0,1.0,1.0,0.4,0.4,0.4,False
73,1,after_update,agent_003,Low Risk,1.0,1.0,1.0,0.4,0.4,0.4,False
73,1,after_update,agent_004,Low Risk,1.0,1.0,1.0,0.4,0.4,0.4,False
73,1,after_update,agent_005,Low Risk,1.0,1.0,1.0,0.4,0.4,0.4,False
73,1,after_update,agent_006,Low Risk,1.0,1.0,1.0,0.4,0.4,0.4,False
74,1,before_update,agent_001,Low Risk,1.0,1.0,1.0,0.5,0.5,0.5,False
74,1,before_update,agent_002,Low Risk,1.0,1.0,1.0,0.5,0.5,0.5,False
74,1,before_update,agent_003,Low Risk,1.0,1.0,1.0,0.5,0.5,0.5,False
74,1,before_update,agent_004,Low Risk,1.0,1.0,1.0,0.5,0.5,0.5,False
74,1,before_update,agent_005,Low Risk,1.0,1.0,1.0,0.5,0.5,0.5,False
74,1,before_update,agent_006,Low Risk,1.0,1.0,1.0,0.5,0.5,0.5,False
74,1,after_update,agent_001,Low Risk,1.0,1.0,1.0,0.4,0.4,0.4,False
74,1,after_update,agent_002,Low Risk,1.0,1.0,1.0,0.4,0.4,0.4,False
74,1,after_update,agent_003,Low Risk,1.0,1.0,1.0,0.4,0.4,0.4,False
74,1,after_update,agent_004,Low Risk,1.0,1.0,1.0,0.4,0.4,0.4,False
74,1,after_update,agent_005,Low Risk,1.0,1.0,1.0,0.4,0.4,0.4,False
74,1,after_update,agent_006,Low Risk,1.0,1.0,1.0,0.4,0.4,0.4,False
75,1,before_update,agent_001,Low Risk,1.0,1.0,1.0,0.5,0.5,0.5,False
75,1,before_update,agent_002,Low Risk,1.0,1.0,1.0,0.5,0.5,0.5,False
75,1,before_update,agent_003,Low Risk,1.0,1.0,1.0,0.5,0.5,0.5,False
75,1,before_update,agent_004,Low Risk,1.0,1.0,1.0,0.5,0.5,0.5,False
75,1,before_update,agent_005,Low Risk,1.0,1.0,1.0,0.5,0.5,0.5,False
75,1,before_update,agent_006,Low Risk,1.0,1.0,1.0,0.5,0.5,0.5,False
75,1,after_update,agent_001,Low Risk,1.0,1.0,1.0,0.4,0.4,0.4,False
75,1,after_update,agent_002,Low Risk,1.0,1.0,1.0,0.4,0.4,0.4,False
75,1,after_update,agent_003,Low Risk,1.0,1.0,1.0,0.4,0.4,0.4,False
75,1,after_update,agent_004,Low Risk,1.0,1.0,1.0,0.4,0.4,0.4,False
75,1,after_update,agent_005,Low Risk,1.0,1.0,1.0,0.4,0.4,0.4,False
75,1,after_update,agent_006,Low Risk,1.0,1.0,1.0,0.4,0.4,0.4,False
76,1,before_update,agent_001,Low Risk,1.0,1.0,1.0,0.5,0.5,0.5,False
76,1,before_update,agent_002,Low Risk,1.0,1.0,1.0,0.5,0.5,0.5,False
76,1,before_update,agent_003,Low Risk,1.0,1.0,1.0,0.5,0.5,0.5,False
76,1,before_update,agent_004,Low Risk,1.0,1.0,1.0,0.5,0.5,0.5,False
76,1,before_update,agent_005,Low Risk,1.0,1.0,1.0,0.5,0.5,0.5,False
76,1,before_update,agent_006,Low Risk,1.0,1.0,1.0,0.5,0.5,0.5,False
76,1,after_update,agent_001,Low Risk,1.0,1.0,1.0,0.4,0.4,0.4,False
76,1,after_update,agent_002,Low Risk,1.0,1.0,1.0,0.4,0.4,0.4,False
76,1,after_update,agent_003,Low Risk,1.0,1.0,1.0,0.4,0.4,0.4,False
76,1,after_update,agent_004,Low Risk,1.0,1.0,1.0,0.4,0.4,0.4,False
76,1,after_update,agent_005,Low Risk,1.0,1.0,1.0,0.4,0.4,0.4,False
76,1,after_update,agent_006,Low Risk,1.0,1.0,1.0,0.4,0.4,0.4,False
77,1,before_update,agent_001,Low Risk,1.0,1.0,1.0,0.5,0.5,0.5,False
77,1,before_update,agent_002,Low Risk,1.0,1.0,1.0,0.5,0.5,0.5,False
77,1,before_update,agent_003,Low Risk,1.0,1.0,1.0,0.5,0.5,0.5,False
77,1,before_update,agent_004,Low Risk,1.0,1.0,1.0,0.5,0.5,0.5,False
77,1,before_update,agent_005,Low Risk,1.0,1.0,1.0,0.5,0.5,0.5,False
77,1,before_update,agent_006,Low Risk,1.0,1.0,1.0,0.5,0.5,0.5,False
77,1,after_update,agent_001,Low Risk,1.0,1.0,1.0,0.4,0.4,0.4,False
77,1,after_update,agent_002,Low Risk,1.0,1.0,1.0,0.4,0.4,0.4,False
77,1,after_update,agent_003,Low Risk,1.0,1.0,1.0,0.4,0.4,0.4,False
77,1,after_update,agent_004,Low Risk,1.0,1.0,1.0,0.4,0.4,0.4,False
77,1,after_update,agent_005,Low Risk,1.0,1.0,1.0,0.4,0.4,0.4,False
77,1,after_update,agent_006,Low Risk,1.0,1.0,1.0,0.4,0.4,0.4,False
78,1,before_update,agent_001,Low Risk,1.0,1.0,1.0,0.5,0.5,0.5,False
78,1,before_update,agent_002,Low Risk,1.0,1.0,1.0,0.5,0.5,0.5,False
78,1,before_update,agent_003,Low Risk,1.0,1.0,1.0,0.5,0.5,0.5,False
78,1,before_update,agent_004,Low Risk,1.0,1.0,1.0,0.5,0.5,0.5,False
78,1,before_update,agent_005,Low Risk,1.0,1.0,1.0,0.5,0.5,0.5,False
78,1,before_update,agent_006,Low Risk,1.0,1.0,1.0,0.5,0.5,0.5,False
78,1,after_update,agent_001,Low Risk,1.0,1.0,1.0,0.4,0.4,0.4,False
78,1,after_update,agent_002,Low Risk,1.0,1.0,1.0,0.4,0.4,0.4,False
78,1,after_update,agent_003,Low Risk,1.0,1.0,1.0,0.4,0.4,0.4,False
78,1,after_update,agent_004,Low Risk,1.0,1.0,1.0,0.4,0.4,0.4,False
78,1,after_update,agent_005,Low Risk,1.0,1.0,1.0,0.4,0.4,0.4,False
78,1,after_update,agent_006,Low Risk,1.0,1.0,1.0,0.4,0.4,0.4,False
79,1,before_update,agent_001,Low Risk,1.0,1.0,1.0,0.5,0.5,0.5,False
79,1,before_update,agent_002,Low Risk,1.0,1.0,1.0,0.5,0.5,0.5,False
79,1,before_update,agent_003,Low Risk,1.0,1.0,1.0,0.5,0.5,0.5,False
79,1,before_update,agent_004,Low Risk,1.0,1.0,1.0,0.5,0.5,0.5,False
79,1,before_update,agent_005,Low Risk,1.0,1.0,1.0,0.5,0.5,0.5,False
79,1,before_update,agent_006,Low Risk,1.0,1.0,1.0,0.5,0.5,0.5,False
79,1,after_update,agent_001,Low Risk,1.0,1.0,1.0,0.4,0.4,0.4,False
79,1,after_update,agent_002,Low Risk,1.0,1.0,1.0,0.4,0.4,0.4,False
79,1,after_update,agent_003,Low Risk,1.0,1.0,1.0,0.4,0.4,0.4,False
79,1,after_update,agent_004,Low Risk,1.0,1.0,1.0,0.4,0.4,0.4,False
79,1,after_update,agent_005,Low Risk,1.0,1.0,1.0,0.4,0.4,0.4,False
79,1,after_update,agent_006,Low Risk,1.0,1.0,1.0,0.4,0.4,0.4,False
80,1,before_update,agent_001,Medium Risk,1.0,1.0,0.1,0.5,0.5,0.5,True
80,1,before_update,agent_002,Medium Risk,1.0,1.0,0.1,0.5,0.5,0.5,True
80,1,before_update,agent_003,Medium Risk,1.0,1.0,0.1,0.5,0.5,0.5,True
80,1,before_update,agent_004,Medium Risk,1.0,1.0,0.1,0.5,0.5,0.5,True
80,1,before_update,agent_005,Medium Risk,1.0,1.0,0.1,0.5,0.5,0.5,True
80,1,before_update,agent_006,Medium Risk,1.0,1.0,0.1,0.5,0.5,0.5,True
80,1,after_update,agent_001,Medium Risk,1.0,1.0,0.1,0.6667,0.6667,0.5,True
80,1,after_update,agent_002,Medium Risk,1.0,1.0,0.1,0.6667,0.6667,0.5,True
80,1,after_update,agent_003,Medium Risk,1.0,1.0,0.1,0.6667,0.6667,0.5,True
80,1,after_update,agent_004,Medium Risk,1.0,1.0,0.1,0.6667,0.6667,0.5,True
80,1,after_update,agent_005,Medium Risk,1.0,1.0,0.1,0.6667,0.6667,0.5,True
80,1,after_update,agent_006,Medium Risk,1.0,1.0,0.1,0.6667,0.6667,0.5,True
81,1,before_update,agent_001,Low Risk,1.0,1.0,1.0,0.5,0.5,0.5,False
81,1,before_update,agent_002,Low Risk,1.0,1.0,1.0,0.5,0.5,0.5,False
81,1,before_update,agent_003,Low Risk,1.0,1.0,1.0,0.5,0.5,0.5,False
81,1,before_update,agent_004,Low Risk,1.0,1.0,1.0,0.5,0.5,0.5,False
81,1,before_update,agent_005,Low Risk,1.0,1.0,1.0,0.5,0.5,0.5,False
81,1,before_update,agent_006,Low Risk,1.0,1.0,1.0,0.5,0.5,0.5,False
81,1,after_update,agent_001,Low Risk,1.0,1.0,1.0,0.4,0.4,0.4,False
81,1,after_update,agent_002,Low Risk,1.0,1.0,1.0,0.4,0.4,0.4,False
81,1,after_update,agent_003,Low Risk,1.0,1.0,1.0,0.4,0.4,0.4,False
81,1,after_update,agent_004,Low Risk,1.0,1.0,1.0,0.4,0.4,0.4,False
81,1,after_update,agent_005,Low Risk,1.0,1.0,1.0,0.4,0.4,0.4,False
81,1,after_update,agent_006,Low Risk,1.0,1.0,1.0,0.4,0.4,0.4,False
82,1,before_update,agent_001,Low Risk,1.0,1.0,1.0,0.5,0.5,0.5,False
82,1,before_update,agent_002,Low Risk,1.0,1.0,1.0,0.5,0.5,0.5,False
82,1,before_update,agent_003,Low Risk,1.0,1.0,1.0,0.5,0.5,0.5,False
82,1,before_update,agent_004,Low Risk,1.0,1.0,1.0,0.5,0.5,0.5,False
82,1,before_update,agent_005,Low Risk,1.0,1.0,1.0,0.5,0.5,0.5,False
82,1,before_update,agent_006,Low Risk,1.0,1.0,1.0,0.5,0.5,0.5,False
82,1,after_update,agent_001,Low Risk,1.0,1.0,1.0,0.4,0.4,0.4,False
82,1,after_update,agent_002,Low Risk,1.0,1.0,1.0,0.4,0.4,0.4,False
82,1,after_update,agent_003,Low Risk,1.0,1.0,1.0,0.4,0.4,0.4,False
82,1,after_update,agent_004,Low Risk,1.0,1.0,1.0,0.4,0.4,0.4,False
82,1,after_update,agent_005,Low Risk,1.0,1.0,1.0,0.4,0.4,0.4,False
82,1,after_update,agent_006,Low Risk,1.0,1.0,1.0,0.4,0.4,0.4,False
83,1,before_update,agent_001,Low Risk,1.0,1.0,1.0,0.5,0.5,0.5,False
83,1,before_update,agent_002,Low Risk,1.0,1.0,1.0,0.5,0.5,0.5,False
83,1,before_update,agent_003,Low Risk,1.0,1.0,1.0,0.5,0.5,0.5,False
83,1,before_update,agent_004,Low Risk,1.0,1.0,1.0,0.5,0.5,0.5,False
83,1,before_update,agent_005,Low Risk,1.0,1.0,1.0,0.5,0.5,0.5,False
83,1,before_update,agent_006,Low Risk,1.0,1.0,1.0,0.5,0.5,0.5,False
83,1,after_update,agent_001,Low Risk,1.0,1.0,1.0,0.4,0.4,0.4,False
83,1,after_update,agent_002,Low Risk,1.0,1.0,1.0,0.4,0.4,0.4,False
83,1,after_update,agent_003,Low Risk,1.0,1.0,1.0,0.4,0.4,0.4,False
83,1,after_update,agent_004,Low Risk,1.0,1.0,1.0,0.4,0.4,0.4,False
83,1,after_update,agent_005,Low Risk,1.0,1.0,1.0,0.4,0.4,0.4,False
83,1,after_update,agent_006,Low Risk,1.0,1.0,1.0,0.4,0.4,0.4,False
84,1,before_update,agent_001,Low Risk,1.0,1.0,1.0,0.5,0.5,0.5,False
84,1,before_update,agent_002,Low Risk,1.0,1.0,1.0,0.5,0.5,0.5,False
84,1,before_update,agent_003,Low Risk,1.0,1.0,1.0,0.5,0.5,0.5,False
84,1,before_update,agent_004,Low Risk,1.0,1.0,1.0,0.5,0.5,0.5,False
84,1,before_update,agent_005,Low Risk,1.0,1.0,1.0,0.5,0.5,0.5,False
84,1,before_update,agent_006,Low Risk,1.0,1.0,1.0,0.5,0.5,0.5,False
84,1,after_update,agent_001,Low Risk,1.0,1.0,1.0,0.4,0.4,0.4,False
84,1,after_update,agent_002,Low Risk,1.0,1.0,1.0,0.4,0.4,0.4,False
84,1,after_update,agent_003,Low Risk,1.0,1.0,1.0,0.4,0.4,0.4,False
84,1,after_update,agent_004,Low Risk,1.0,1.0,1.0,0.4,0.4,0.4,False
84,1,after_update,agent_005,Low Risk,1.0,1.0,1.0,0.4,0.4,0.4,False
84,1,after_update,agent_006,Low Risk,1.0,1.0,1.0,0.4,0.4,0.4,False
85,1,before_update,agent_001,Low Risk,1.0,1.0,1.0,0.5,0.5,0.5,False
85,1,before_update,agent_002,Low Risk,1.0,1.0,1.0,0.5,0.5,0.5,False
85,1,before_update,agent_003,Low Risk,1.0,1.0,1.0,0.5,0.5,0.5,False
85,1,before_update,agent_004,Low Risk,1.0,1.0,1.0,0.5,0.5,0.5,False
85,1,before_update,agent_005,Low Risk,1.0,1.0,1.0,0.5,0.5,0.5,False
85,1,before_update,agent_006,Low Risk,1.0,1.0,1.0,0.5,0.5,0.5,False
85,1,after_update,agent_001,Low Risk,1.0,1.0,1.0,0.4,0.4,0.4,False
85,1,after_update,agent_002,Low Risk,1.0,1.0,1.0,0.4,0.4,0.4,False
85,1,after_update,agent_003,Low Risk,1.0,1.0,1.0,0.4,0.4,0.4,False
85,1,after_update,agent_004,Low Risk,1.0,1.0,1.0,0.4,0.4,0.4,False
85,1,after_update,agent_005,Low Risk,1.0,1.0,1.0,0.4,0.4,0.4,False
85,1,after_update,agent_006,Low Risk,1.0,1.0,1.0,0.4,0.4,0.4,False
86,1,before_update,agent_001,Low Risk,1.0,1.0,1.0,0.5,0.5,0.5,False
86,1,before_update,agent_002,Low Risk,1.0,1.0,1.0,0.5,0.5,0.5,False
86,1,before_update,agent_003,Low Risk,1.0,1.0,1.0,0.5,0.5,0.5,False
86,1,before_update,agent_004,Low Risk,1.0,1.0,1.0,0.5,0.5,0.5,False
86,1,before_update,agent_005,Low Risk,1.0,1.0,1.0,0.5,0.5,0.5,False
86,1,before_update,agent_006,Low Risk,1.0,1.0,1.0,0.5,0.5,0.5,False
86,1,after_update,agent_001,Low Risk,1.0,1.0,1.0,0.4,0.4,0.4,False
86,1,after_update,agent_002,Low Risk,1.0,1.0,1.0,0.4,0.4,0.4,False
86,1,after_update,agent_003,Low Risk,1.0,1.0,1.0,0.4,0.4,0.4,False
86,1,after_update,agent_004,Low Risk,1.0,1.0,1.0,0.4,0.4,0.4,False
86,1,after_update,agent_005,Low Risk,1.0,1.0,1.0,0.4,0.4,0.4,False
86,1,after_update,agent_006,Low Risk,1.0,1.0,1.0,0.4,0.4,0.4,False
87,1,before_update,agent_001,Low Risk,1.0,1.0,1.0,0.5,0.5,0.5,False
87,1,before_update,agent_002,Low Risk,1.0,1.0,1.0,0.5,0.5,0.5,False
87,1,before_update,agent_003,Low Risk,1.0,1.0,1.0,0.5,0.5,0.5,False
87,1,before_update,agent_004,Low Risk,1.0,1.0,1.0,0.5,0.5,0.5,False
87,1,before_update,agent_005,Low Risk,1.0,1.0,1.0,0.5,0.5,0.5,False
87,1,before_update,agent_006,Low Risk,1.0,1.0,1.0,0.5,0.5,0.5,False
87,1,after_update,agent_001,Low Risk,1.0,1.0,1.0,0.4,0.4,0.4,False
87,1,after_update,agent_002,Low Risk,1.0,1.0,1.0,0.4,0.4,0.4,False
87,1,after_update,agent_003,Low Risk,1.0,1.0,1.0,0.4,0.4,0.4,False
87,1,after_update,agent_004,Low Risk,1.0,1.0,1.0,0.4,0.4,0.4,False
87,1,after_update,agent_005,Low Risk,1.0,1.0,1.0,0.4,0.4,0.4,False
87,1,after_update,agent_006,Low Risk,1.0,1.0,1.0,0.4,0.4,0.4,False
88,1,before_update,agent_001,Low Risk,1.0,1.0,1.0,0.5,0.5,0.5,False
88,1,before_update,agent_002,Low Risk,1.0,1.0,1.0,0.5,0.5,0.5,False
88,1,before_update,agent_003,Low Risk,1.0,1.0,1.0,0.5,0.5,0.5,False
88,1,before_update,agent_004,Low Risk,1.0,1.0,1.0,0.5,0.5,0.5,False
88,1,before_update,agent_005,Low Risk,1.0,1.0,1.0,0.5,0.5,0.5,False
88,1,before_update,agent_006,Low Risk,1.0,1.0,1.0,0.5,0.5,0.5,False
88,1,after_update,agent_001,Low Risk,1.0,1.0,1.0,0.4,0.4,0.4,False
88,1,after_update,agent_002,Low Risk,1.0,1.0,1.0,0.4,0.4,0.4,False
88,1,after_update,agent_003,Low Risk,1.0,1.0,1.0,0.4,0.4,0.4,False
88,1,after_update,agent_004,Low Risk,1.0,1.0,1.0,0.4,0.4,0.4,False
88,1,after_update,agent_005,Low Risk,1.0,1.0,1.0,0.4,0.4,0.4,False
88,1,after_update,agent_006,Low Risk,1.0,1.0,1.0,0.4,0.4,0.4,False
89,1,before_update,agent_001,Low Risk,1.0,1.0,1.0,0.5,0.5,0.5,False
89,1,before_update,agent_002,Low Risk,1.0,1.0,1.0,0.5,0.5,0.5,False
89,1,before_update,agent_003,Low Risk,1.0,1.0,1.0,0.5,0.5,0.5,False
89,1,before_update,agent_004,Low Risk,1.0,1.0,1.0,0.5,0.5,0.5,False
89,1,before_update,agent_005,Low Risk,1.0,1.0,1.0,0.5,0.5,0.5,False
89,1,before_update,agent_006,Low Risk,1.0,1.0,1.0,0.5,0.5,0.5,False
89,1,after_update,agent_001,Low Risk,1.0,1.0,1.0,0.4,0.4,0.4,False
89,1,after_update,agent_002,Low Risk,1.0,1.0,1.0,0.4,0.4,0.4,False
89,1,after_update,agent_003,Low Risk,1.0,1.0,1.0,0.4,0.4,0.4,False
89,1,after_update,agent_004,Low Risk,1.0,1.0,1.0,0.4,0.4,0.4,False
89,1,after_update,agent_005,Low Risk,1.0,1.0,1.0,0.4,0.4,0.4,False
89,1,after_update,agent_006,Low Risk,1.0,1.0,1.0,0.4,0.4,0.4,False
90,1,before_update,agent_001,Low Risk,1.0,1.0,1.0,0.5,0.5,0.5,False
90,1,before_update,agent_002,Low Risk,1.0,1.0,1.0,0.5,0.5,0.5,False
90,1,before_update,agent_003,Low Risk,1.0,1.0,1.0,0.5,0.5,0.5,False
90,1,before_update,agent_004,Low Risk,1.0,1.0,1.0,0.5,0.5,0.5,False
90,1,before_update,agent_005,Low Risk,1.0,1.0,1.0,0.5,0.5,0.5,False
90,1,before_update,agent_006,Low Risk,1.0,1.0,1.0,0.5,0.5,0.5,False
90,1,after_update,agent_001,Low Risk,1.0,1.0,1.0,0.4,0.4,0.4,False
90,1,after_update,agent_002,Low Risk,1.0,1.0,1.0,0.4,0.4,0.4,False
90,1,after_update,agent_003,Low Risk,1.0,1.0,1.0,0.4,0.4,0.4,False
90,1,after_update,agent_004,Low Risk,1.0,1.0,1.0,0.4,0.4,0.4,False
90,1,after_update,agent_005,Low Risk,1.0,1.0,1.0,0.4,0.4,0.4,False
90,1,after_update,agent_006,Low Risk,1.0,1.0,1.0,0.4,0.4,0.4,False
91,1,before_update,agent_001,Low Risk,1.0,1.0,1.0,0.5,0.5,0.5,False
91,1,before_update,agent_002,Low Risk,1.0,1.0,1.0,0.5,0.5,0.5,False
91,1,before_update,agent_003,Low Risk,1.0,1.0,1.0,0.5,0.5,0.5,False
91,1,before_update,agent_004,Low Risk,1.0,1.0,1.0,0.5,0.5,0.5,False
91,1,before_update,agent_005,Low Risk,1.0,1.0,1.0,0.5,0.5,0.5,False
91,1,before_update,agent_006,Low Risk,1.0,1.0,1.0,0.5,0.5,0.5,False
91,1,after_update,agent_001,Low Risk,1.0,1.0,1.0,0.4,0.4,0.4,False
91,1,after_update,agent_002,Low Risk,1.0,1.0,1.0,0.4,0.4,0.4,False
91,1,after_update,agent_003,Low Risk,1.0,1.0,1.0,0.4,0.4,0.4,False
91,1,after_update,agent_004,Low Risk,1.0,1.0,1.0,0.4,0.4,0.4,False
91,1,after_update,agent_005,Low Risk,1.0,1.0,1.0,0.4,0.4,0.4,False
91,1,after_update,agent_006,Low Risk,1.0,1.0,1.0,0.4,0.4,0.4,False
92,1,before_update,agent_001,Low Risk,1.0,1.0,1.0,0.5,0.5,0.5,False
92,1,before_update,agent_002,Low Risk,1.0,1.0,1.0,0.5,0.5,0.5,False
92,1,before_update,agent_003,Low Risk,1.0,1.0,1.0,0.5,0.5,0.5,False
92,1,before_update,agent_004,Low Risk,1.0,1.0,1.0,0.5,0.5,0.5,False
92,1,before_update,agent_005,Low Risk,1.0,1.0,1.0,0.5,0.5,0.5,False
92,1,before_update,agent_006,Low Risk,1.0,1.0,1.0,0.5,0.5,0.5,False
92,1,after_update,agent_001,Low Risk,1.0,1.0,1.0,0.4,0.4,0.4,False
92,1,after_update,agent_002,Low Risk,1.0,1.0,1.0,0.4,0.4,0.4,False
92,1,after_update,agent_003,Low Risk,1.0,1.0,1.0,0.4,0.4,0.4,False
92,1,after_update,agent_004,Low Risk,1.0,1.0,1.0,0.4,0.4,0.4,False
92,1,after_update,agent_005,Low Risk,1.0,1.0,1.0,0.4,0.4,0.4,False
92,1,after_update,agent_006,Low Risk,1.0,1.0,1.0,0.4,0.4,0.4,False
93,1,before_update,agent_001,Low Risk,1.0,1.0,1.0,0.5,0.5,0.5,False
93,1,before_update,agent_002,Low Risk,1.0,1.0,1.0,0.5,0.5,0.5,False
93,1,before_update,agent_003,Low Risk,1.0,1.0,1.0,0.5,0.5,0.5,False
93,1,before_update,agent_004,Low Risk,1.0,1.0,1.0,0.5,0.5,0.5,False
93,1,before_update,agent_005,Low Risk,1.0,1.0,1.0,0.5,0.5,0.5,False
93,1,before_update,agent_006,Low Risk,1.0,1.0,1.0,0.5,0.5,0.5,False
93,1,after_update,agent_001,Low Risk,1.0,1.0,1.0,0.4,0.4,0.4,False
93,1,after_update,agent_002,Low Risk,1.0,1.0,1.0,0.4,0.4,0.4,False
93,1,after_update,agent_003,Low Risk,1.0,1.0,1.0,0.4,0.4,0.4,False
93,1,after_update,agent_004,Low Risk,1.0,1.0,1.0,0.4,0.4,0.4,False
93,1,after_update,agent_005,Low Risk,1.0,1.0,1.0,0.4,0.4,0.4,False
93,1,after_update,agent_006,Low Risk,1.0,1.0,1.0,0.4,0.4,0.4,False
94,1,before_update,agent_001,Low Risk,1.0,1.0,1.0,0.5,0.5,0.5,False
94,1,before_update,agent_002,Low Risk,1.0,1.0,1.0,0.5,0.5,0.5,False
94,1,before_update,agent_003,Low Risk,1.0,1.0,1.0,0.5,0.5,0.5,False
94,1,before_update,agent_004,Low Risk,1.0,1.0,1.0,0.5,0.5,0.5,False
94,1,before_update,agent_005,Low Risk,1.0,1.0,1.0,0.5,0.5,0.5,False
94,1,before_update,agent_006,Low Risk,1.0,1.0,1.0,0.5,0.5,0.5,False
94,1,after_update,agent_001,Low Risk,1.0,1.0,1.0,0.4,0.4,0.4,False
94,1,after_update,agent_002,Low Risk,1.0,1.0,1.0,0.4,0.4,0.4,False
94,1,after_update,agent_003,Low Risk,1.0,1.0,1.0,0.4,0.4,0.4,False
94,1,after_update,agent_004,Low Risk,1.0,1.0,1.0,0.4,0.4,0.4,False
94,1,after_update,agent_005,Low Risk,1.0,1.0,1.0,0.4,0.4,0.4,False
94,1,after_update,agent_006,Low Risk,1.0,1.0,1.0,0.4,0.4,0.4,False
95,1,before_update,agent_001,Low Risk,1.0,1.0,1.0,0.5,0.5,0.5,False
95,1,before_update,agent_002,Low Risk,1.0,1.0,1.0,0.5,0.5,0.5,False
95,1,before_update,agent_003,Low Risk,1.0,1.0,1.0,0.5,0.5,0.5,False
95,1,before_update,agent_004,Low Risk,1.0,1.0,1.0,0.5,0.5,0.5,False
95,1,before_update,agent_005,Low Risk,1.0,1.0,1.0,0.5,0.5,0.5,False
95,1,before_update,agent_006,Low Risk,1.0,1.0,1.0,0.5,0.5,0.5,False
95,1,after_update,agent_001,Low Risk,1.0,1.0,1.0,0.4,0.4,0.4,False
95,1,after_update,agent_002,Low Risk,1.0,1.0,1.0,0.4,0.4,0.4,False
95,1,after_update,agent_003,Low Risk,1.0,1.0,1.0,0.4,0.4,0.4,False
95,1,after_update,agent_004,Low Risk,1.0,1.0,1.0,0.4,0.4,0.4,False
95,1,after_update,agent_005,Low Risk,1.0,1.0,1.0,0.4,0.4,0.4,False
95,1,after_update,agent_006,Low Risk,1.0,1.0,1.0,0.4,0.4,0.4,False
96,1,before_update,agent_001,Low Risk,1.0,1.0,1.0,0.5,0.5,0.5,False
96,1,before_update,agent_002,Low Risk,1.0,1.0,1.0,0.5,0.5,0.5,False
96,1,before_update,agent_003,Low Risk,1.0,1.0,1.0,0.5,0.5,0.5,False
96,1,before_update,agent_004,Low Risk,1.0,1.0,1.0,0.5,0.5,0.5,False
96,1,before_update,agent_005,Low Risk,1.0,1.0,1.0,0.5,0.5,0.5,False
96,1,before_update,agent_006,Low Risk,1.0,1.0,1.0,0.5,0.5,0.5,False
96,1,after_update,agent_001,Low Risk,1.0,1.0,1.0,0.4,0.4,0.4,False
96,1,after_update,agent_002,Low Risk,1.0,1.0,1.0,0.4,0.4,0.4,False
96,1,after_update,agent_003,Low Risk,1.0,1.0,1.0,0.4,0.4,0.4,False
96,1,after_update,agent_004,Low Risk,1.0,1.0,1.0,0.4,0.4,0.4,False
96,1,after_update,agent_005,Low Risk,1.0,1.0,1.0,0.4,0.4,0.4,False
96,1,after_update,agent_006,Low Risk,1.0,1.0,1.0,0.4,0.4,0.4,False
97,1,before_update,agent_001,Low Risk,1.0,1.0,1.0,0.5,0.5,0.5,False
97,1,before_update,agent_002,Low Risk,1.0,1.0,1.0,0.5,0.5,0.5,False
97,1,before_update,agent_003,Low Risk,1.0,1.0,1.0,0.5,0.5,0.5,False
97,1,before_update,agent_004,Low Risk,1.0,1.0,1.0,0.5,0.5,0.5,False
97,1,before_update,agent_005,Low Risk,1.0,1.0,1.0,0.5,0.5,0.5,False
97,1,before_update,agent_006,Low Risk,1.0,1.0,1.0,0.5,0.5,0.5,False
97,1,after_update,agent_001,Low Risk,1.0,1.0,1.0,0.4,0.4,0.4,False
97,1,after_update,agent_002,Low Risk,1.0,1.0,1.0,0.4,0.4,0.4,False
97,1,after_update,agent_003,Low Risk,1.0,1.0,1.0,0.4,0.4,0.4,False
97,1,after_update,agent_004,Low Risk,1.0,1.0,1.0,0.4,0.4,0.4,False
97,1,after_update,agent_005,Low Risk,1.0,1.0,1.0,0.4,0.4,0.4,False
97,1,after_update,agent_006,Low Risk,1.0,1.0,1.0,0.4,0.4,0.4,False
98,1,before_update,agent_001,Low Risk,1.0,0.9552,1.0,0.5,0.5,0.5,False
98,1,before_update,agent_002,Low Risk,1.0,0.9552,1.0,0.5,0.5,0.5,False
98,1,before_update,agent_003,Low Risk,1.0,0.9104,1.0,0.5,0.5,0.5,False
98,1,before_update,agent_004,Low Risk,1.0,0.9552,1.0,0.5,0.5,0.5,False
98,1,before_update,agent_005,Low Risk,1.0,0.9552,1.0,0.5,0.5,0.5,False
98,1,before_update,agent_006,Low Risk,1.0,0.9104,1.0,0.5,0.5,0.5,False
98,1,after_update,agent_001,Low Risk,1.0,0.9552,1.0,0.4,0.4,0.4,False
98,1,after_update,agent_002,Low Risk,1.0,0.9552,1.0,0.4,0.4,0.4,False
98,1,after_update,agent_003,Low Risk,1.0,0.9104,1.0,0.4,0.4,0.4,False
98,1,after_update,agent_004,Low Risk,1.0,0.9552,1.0,0.4,0.4,0.4,False
98,1,after_update,agent_005,Low Risk,1.0,0.9552,1.0,0.4,0.4,0.4,False
98,1,after_update,agent_006,Low Risk,1.0,0.9104,1.0,0.4,0.4,0.4,False
99,1,before_update,agent_001,Low Risk,1.0,0.9735,1.0,0.5,0.5,0.5,False
99,1,before_update,agent_002,Low Risk,1.0,0.9735,1.0,0.5,0.5,0.5,False
99,1,before_update,agent_003,Low Risk,1.0,0.9735,1.0,0.5,0.5,0.5,False
99,1,before_update,agent_004,Low Risk,1.0,0.8676,1.0,0.5,0.5,0.5,False
99,1,before_update,agent_005,Low Risk,1.0,0.9735,1.0,0.5,0.5,0.5,False
99,1,before_update,agent_006,Low Risk,1.0,0.9735,1.0,0.5,0.5,0.5,False
99,1,after_update,agent_001,Low Risk,1.0,0.9735,1.0,0.4,0.4,0.4,False
99,1,after_update,agent_002,Low Risk,1.0,0.9735,1.0,0.4,0.4,0.4,False
99,1,after_update,agent_003,Low Risk,1.0,0.9735,1.0,0.4,0.4,0.4,False
99,1,after_update,agent_004,Low Risk,1.0,0.8676,1.0,0.4,0.4,0.4,False
99,1,after_update,agent_005,Low Risk,1.0,0.9735,1.0,0.4,0.4,0.4,False
99,1,after_update,agent_006,Low Risk,1.0,0.9735,1.0,0.4,0.4,0.4,False
100,1,before_update,agent_001,Low Risk,1.0,1.0,1.0,0.5,0.5,0.5,False
100,1,before_update,agent_002,Low Risk,1.0,1.0,1.0,0.5,0.5,0.5,False
100,1,before_update,agent_003,Low Risk,1.0,1.0,1.0,0.5,0.5,0.5,False
100,1,before_update,agent_004,Low Risk,1.0,1.0,1.0,0.5,0.5,0.5,False
100,1,before_update,agent_005,Low Risk,1.0,1.0,1.0,0.5,0.5,0.5,False
100,1,before_update,agent_006,Low Risk,1.0,1.0,1.0,0.5,0.5,0.5,False
100,1,after_update,agent_001,Low Risk,1.0,1.0,1.0,0.4,0.4,0.4,False
100,1,after_update,agent_002,Low Risk,1.0,1.0,1.0,0.4,0.4,0.4,False
100,1,after_update,agent_003,Low Risk,1.0,1.0,1.0,0.4,0.4,0.4,False
100,1,after_update,agent_004,Low Risk,1.0,1.0,1.0,0.4,0.4,0.4,False
100,1,after_update,agent_005,Low Risk,1.0,1.0,1.0,0.4,0.4,0.4,False
100,1,after_update,agent_006,Low Risk,1.0,1.0,1.0,0.4,0.4,0.4,False
101,1,before_update,agent_001,Low Risk,1.0,1.0,1.0,0.5,0.5,0.5,False
101,1,before_update,agent_002,Low Risk,1.0,1.0,1.0,0.5,0.5,0.5,False
101,1,before_update,agent_003,Low Risk,1.0,1.0,1.0,0.5,0.5,0.5,False
101,1,before_update,agent_004,Low Risk,1.0,1.0,1.0,0.5,0.5,0.5,False
101,1,before_update,agent_005,Low Risk,1.0,1.0,1.0,0.5,0.5,0.5,False
101,1,before_update,agent_006,Low Risk,1.0,1.0,1.0,0.5,0.5,0.5,False
101,1,after_update,agent_001,Low Risk,1.0,1.0,1.0,0.4,0.4,0.4,False
101,1,after_update,agent_002,Low Risk,1.0,1.0,1.0,0.4,0.4,0.4,False
101,1,after_update,agent_003,Low Risk,1.0,1.0,1.0,0.4,0.4,0.4,False
101,1,after_update,agent_004,Low Risk,1.0,1.0,1.0,0.4,0.4,0.4,False
101,1,after_update,agent_005,Low Risk,1.0,1.0,1.0,0.4,0.4,0.4,False
101,1,after_update,agent_006,Low Risk,1.0,1.0,1.0,0.4,0.4,0.4,False
102,1,before_update,agent_001,Low Risk,1.0,0.9735,1.0,0.5,0.5,0.5,False
102,1,before_update,agent_002,Low Risk,1.0,0.9735,1.0,0.5,0.5,0.5,False
102,1,before_update,agent_003,Low Risk,1.0,0.9735,1.0,0.5,0.5,0.5,False
102,1,before_update,agent_004,Low Risk,1.0,0.9735,1.0,0.5,0.5,0.5,False
102,1,before_update,agent_005,Low Risk,1.0,0.8676,1.0,0.5,0.5,0.5,False
102,1,before_update,agent_006,Low Risk,1.0,0.9735,1.0,0.5,0.5,0.5,False
102,1,after_update,agent_001,Low Risk,1.0,0.9735,1.0,0.4,0.4,0.4,False
102,1,after_update,agent_002,Low Risk,1.0,0.9735,1.0,0.4,0.4,0.4,False
102,1,after_update,agent_003,Low Risk,1.0,0.9735,1.0,0.4,0.4,0.4,False
102,1,after_update,agent_004,Low Risk,1.0,0.9735,1.0,0.4,0.4,0.4,False
102,1,after_update,agent_005,Low Risk,1.0,0.8676,1.0,0.4,0.4,0.4,False
102,1,after_update,agent_006,Low Risk,1.0,0.9735,1.0,0.4,0.4,0.4,False
103,1,before_update,agent_001,Low Risk,1.0,1.0,1.0,0.5,0.5,0.5,False
103,1,before_update,agent_002,Low Risk,1.0,1.0,1.0,0.5,0.5,0.5,False
103,1,before_update,agent_003,Low Risk,1.0,1.0,1.0,0.5,0.5,0.5,False
103,1,before_update,agent_004,Low Risk,1.0,1.0,1.0,0.5,0.5,0.5,False
103,1,before_update,agent_005,Low Risk,1.0,1.0,1.0,0.5,0.5,0.5,False
103,1,before_update,agent_006,Low Risk,1.0,1.0,1.0,0.5,0.5,0.5,False
103,1,after_update,agent_001,Low Risk,1.0,1.0,1.0,0.4,0.4,0.4,False
103,1,after_update,agent_002,Low Risk,1.0,1.0,1.0,0.4,0.4,0.4,False
103,1,after_update,agent_003,Low Risk,1.0,1.0,1.0,0.4,0.4,0.4,False
103,1,after_update,agent_004,Low Risk,1.0,1.0,1.0,0.4,0.4,0.4,False
103,1,after_update,agent_005,Low Risk,1.0,1.0,1.0,0.4,0.4,0.4,False
103,1,after_update,agent_006,Low Risk,1.0,1.0,1.0,0.4,0.4,0.4,False
104,1,before_update,agent_001,Low Risk,1.0,1.0,1.0,0.5,0.5,0.5,False
104,1,before_update,agent_002,Low Risk,1.0,1.0,1.0,0.5,0.5,0.5,False
104,1,before_update,agent_003,Low Risk,1.0,1.0,1.0,0.5,0.5,0.5,False
104,1,before_update,agent_004,Low Risk,1.0,1.0,1.0,0.5,0.5,0.5,False
104,1,before_update,agent_005,Low Risk,1.0,1.0,1.0,0.5,0.5,0.5,False
104,1,before_update,agent_006,Low Risk,1.0,1.0,1.0,0.5,0.5,0.5,False
104,1,after_update,agent_001,Low Risk,1.0,1.0,1.0,0.4,0.4,0.4,False
104,1,after_update,agent_002,Low Risk,1.0,1.0,1.0,0.4,0.4,0.4,False
104,1,after_update,agent_003,Low Risk,1.0,1.0,1.0,0.4,0.4,0.4,False
104,1,after_update,agent_004,Low Risk,1.0,1.0,1.0,0.4,0.4,0.4,False
104,1,after_update,agent_005,Low Risk,1.0,1.0,1.0,0.4,0.4,0.4,False
104,1,after_update,agent_006,Low Risk,1.0,1.0,1.0,0.4,0.4,0.4,False
105,1,before_update,agent_001,Low Risk,1.0,1.0,1.0,0.5,0.5,0.5,False
105,1,before_update,agent_002,Low Risk,1.0,1.0,1.0,0.5,0.5,0.5,False
105,1,before_update,agent_003,Low Risk,1.0,1.0,1.0,0.5,0.5,0.5,False
105,1,before_update,agent_004,Low Risk,1.0,1.0,1.0,0.5,0.5,0.5,False
105,1,before_update,agent_005,Low Risk,1.0,1.0,1.0,0.5,0.5,0.5,False
105,1,before_update,agent_006,Low Risk,1.0,1.0,1.0,0.5,0.5,0.5,False
105,1,after_update,agent_001,Low Risk,1.0,1.0,1.0,0.4,0.4,0.4,False
105,1,after_update,agent_002,Low Risk,1.0,1.0,1.0,0.4,0.4,0.4,False
105,1,after_update,agent_003,Low Risk,1.0,1.0,1.0,0.4,0.4,0.4,False
105,1,after_update,agent_004,Low Risk,1.0,1.0,1.0,0.4,0.4,0.4,False
105,1,after_update,agent_005,Low Risk,1.0,1.0,1.0,0.4,0.4,0.4,False
105,1,after_update,agent_006,Low Risk,1.0,1.0,1.0,0.4,0.4,0.4,False
106,1,before_update,agent_001,Low Risk,1.0,0.9364,1.0,0.5,0.5,0.5,False
106,1,before_update,agent_002,Low Risk,1.0,0.9364,1.0,0.5,0.5,0.5,False
106,1,before_update,agent_003,Low Risk,1.0,0.9364,1.0,0.5,0.5,0.5,False
106,1,before_update,agent_004,Low Risk,1.0,0.9364,1.0,0.5,0.5,0.5,False
106,1,before_update,agent_005,Low Risk,1.0,0.9364,1.0,0.5,0.5,0.5,False
106,1,before_update,agent_006,Low Risk,1.0,0.9364,1.0,0.5,0.5,0.5,False
106,1,after_update,agent_001,Low Risk,1.0,0.9364,1.0,0.4,0.4,0.4,False
106,1,after_update,agent_002,Low Risk,1.0,0.9364,1.0,0.4,0.4,0.4,False
106,1,after_update,agent_003,Low Risk,1.0,0.9364,1.0,0.4,0.4,0.4,False
106,1,after_update,agent_004,Low Risk,1.0,0.9364,1.0,0.4,0.4,0.4,False
106,1,after_update,agent_005,Low Risk,1.0,0.9364,1.0,0.4,0.4,0.4,False
106,1,after_update,agent_006,Low Risk,1.0,0.9364,1.0,0.4,0.4,0.4,False
107,1,before_update,agent_001,Low Risk,1.0,1.0,1.0,0.5,0.5,0.5,False
107,1,before_update,agent_002,Low Risk,1.0,1.0,1.0,0.5,0.5,0.5,False
107,1,before_update,agent_003,Low Risk,1.0,1.0,1.0,0.5,0.5,0.5,False
107,1,before_update,agent_004,Low Risk,1.0,1.0,1.0,0.5,0.5,0.5,False
107,1,before_update,agent_005,Low Risk,1.0,1.0,1.0,0.5,0.5,0.5,False
107,1,before_update,agent_006,Low Risk,1.0,1.0,1.0,0.5,0.5,0.5,False
107,1,after_update,agent_001,Low Risk,1.0,1.0,1.0,0.4,0.4,0.4,False
107,1,after_update,agent_002,Low Risk,1.0,1.0,1.0,0.4,0.4,0.4,False
107,1,after_update,agent_003,Low Risk,1.0,1.0,1.0,0.4,0.4,0.4,False
107,1,after_update,agent_004,Low Risk,1.0,1.0,1.0,0.4,0.4,0.4,False
107,1,after_update,agent_005,Low Risk,1.0,1.0,1.0,0.4,0.4,0.4,False
107,1,after_update,agent_006,Low Risk,1.0,1.0,1.0,0.4,0.4,0.4,False
108,1,before_update,agent_001,Low Risk,1.0,1.0,1.0,0.5,0.5,0.5,False
108,1,before_update,agent_002,Low Risk,1.0,1.0,1.0,0.5,0.5,0.5,False
108,1,before_update,agent_003,Low Risk,1.0,1.0,1.0,0.5,0.5,0.5,False
108,1,before_update,agent_004,Low Risk,1.0,1.0,1.0,0.5,0.5,0.5,False
108,1,before_update,agent_005,Low Risk,1.0,1.0,1.0,0.5,0.5,0.5,False
108,1,before_update,agent_006,Low Risk,1.0,1.0,1.0,0.5,0.5,0.5,False
108,1,after_update,agent_001,Low Risk,1.0,1.0,1.0,0.4,0.4,0.4,False
108,1,after_update,agent_002,Low Risk,1.0,1.0,1.0,0.4,0.4,0.4,False
108,1,after_update,agent_003,Low Risk,1.0,1.0,1.0,0.4,0.4,0.4,False
108,1,after_update,agent_004,Low Risk,1.0,1.0,1.0,0.4,0.4,0.4,False
108,1,after_update,agent_005,Low Risk,1.0,1.0,1.0,0.4,0.4,0.4,False
108,1,after_update,agent_006,Low Risk,1.0,1.0,1.0,0.4,0.4,0.4,False
109,1,before_update,agent_001,Low Risk,1.0,1.0,1.0,0.5,0.5,0.5,False
109,1,before_update,agent_002,Low Risk,1.0,1.0,1.0,0.5,0.5,0.5,False
109,1,before_update,agent_003,Low Risk,1.0,1.0,1.0,0.5,0.5,0.5,False
109,1,before_update,agent_004,Low Risk,1.0,1.0,1.0,0.5,0.5,0.5,False
109,1,before_update,agent_005,Low Risk,1.0,1.0,1.0,0.5,0.5,0.5,False
109,1,before_update,agent_006,Low Risk,1.0,1.0,1.0,0.5,0.5,0.5,False
109,1,after_update,agent_001,Low Risk,1.0,1.0,1.0,0.4,0.4,0.4,False
109,1,after_update,agent_002,Low Risk,1.0,1.0,1.0,0.4,0.4,0.4,False
109,1,after_update,agent_003,Low Risk,1.0,1.0,1.0,0.4,0.4,0.4,False
109,1,after_update,agent_004,Low Risk,1.0,1.0,1.0,0.4,0.4,0.4,False
109,1,after_update,agent_005,Low Risk,1.0,1.0,1.0,0.4,0.4,0.4,False
109,1,after_update,agent_006,Low Risk,1.0,1.0,1.0,0.4,0.4,0.4,False
110,1,before_update,agent_001,Low Risk,1.0,1.0,1.0,0.5,0.5,0.5,False
110,1,before_update,agent_002,Low Risk,1.0,1.0,1.0,0.5,0.5,0.5,False
110,1,before_update,agent_003,Low Risk,1.0,1.0,1.0,0.5,0.5,0.5,False
110,1,before_update,agent_004,Low Risk,1.0,1.0,1.0,0.5,0.5,0.5,False
110,1,before_update,agent_005,Low Risk,1.0,1.0,1.0,0.5,0.5,0.5,False
110,1,before_update,agent_006,Low Risk,1.0,1.0,1.0,0.5,0.5,0.5,False
110,1,after_update,agent_001,Low Risk,1.0,1.0,1.0,0.4,0.4,0.4,False
110,1,after_update,agent_002,Low Risk,1.0,1.0,1.0,0.4,0.4,0.4,False
110,1,after_update,agent_003,Low Risk,1.0,1.0,1.0,0.4,0.4,0.4,False
110,1,after_update,agent_004,Low Risk,1.0,1.0,1.0,0.4,0.4,0.4,False
110,1,after_update,agent_005,Low Risk,1.0,1.0,1.0,0.4,0.4,0.4,False
110,1,after_update,agent_006,Low Risk,1.0,1.0,1.0,0.4,0.4,0.4,False
111,1,before_update,agent_001,Low Risk,1.0,1.0,1.0,0.5,0.5,0.5,False
111,1,before_update,agent_002,Low Risk,1.0,1.0,1.0,0.5,0.5,0.5,False
111,1,before_update,agent_003,Low Risk,1.0,1.0,1.0,0.5,0.5,0.5,False
111,1,before_update,agent_004,Low Risk,1.0,1.0,1.0,0.5,0.5,0.5,False
111,1,before_update,agent_005,Low Risk,1.0,1.0,1.0,0.5,0.5,0.5,False
111,1,before_update,agent_006,Low Risk,1.0,1.0,1.0,0.5,0.5,0.5,False
111,1,after_update,agent_001,Low Risk,1.0,1.0,1.0,0.4,0.4,0.4,False
111,1,after_update,agent_002,Low Risk,1.0,1.0,1.0,0.4,0.4,0.4,False
111,1,after_update,agent_003,Low Risk,1.0,1.0,1.0,0.4,0.4,0.4,False
111,1,after_update,agent_004,Low Risk,1.0,1.0,1.0,0.4,0.4,0.4,False
111,1,after_update,agent_005,Low Risk,1.0,1.0,1.0,0.4,0.4,0.4,False
111,1,after_update,agent_006,Low Risk,1.0,1.0,1.0,0.4,0.4,0.4,False
112,1,before_update,agent_001,Low Risk,1.0,1.0,1.0,0.5,0.5,0.5,False
112,1,before_update,agent_002,Low Risk,1.0,1.0,1.0,0.5,0.5,0.5,False
112,1,before_update,agent_003,Low Risk,1.0,1.0,1.0,0.5,0.5,0.5,False
112,1,before_update,agent_004,Low Risk,1.0,1.0,1.0,0.5,0.5,0.5,False
112,1,before_update,agent_005,Low Risk,1.0,1.0,1.0,0.5,0.5,0.5,False
112,1,before_update,agent_006,Low Risk,1.0,1.0,1.0,0.5,0.5,0.5,False
112,1,after_update,agent_001,Low Risk,1.0,1.0,1.0,0.4,0.4,0.4,False
112,1,after_update,agent_002,Low Risk,1.0,1.0,1.0,0.4,0.4,0.4,False
112,1,after_update,agent_003,Low Risk,1.0,1.0,1.0,0.4,0.4,0.4,False
112,1,after_update,agent_004,Low Risk,1.0,1.0,1.0,0.4,0.4,0.4,False
112,1,after_update,agent_005,Low Risk,1.0,1.0,1.0,0.4,0.4,0.4,False
112,1,after_update,agent_006,Low Risk,1.0,1.0,1.0,0.4,0.4,0.4,False
113,1,before_update,agent_001,Low Risk,1.0,1.0,1.0,0.5,0.5,0.5,False
113,1,before_update,agent_002,Low Risk,1.0,1.0,1.0,0.5,0.5,0.5,False
113,1,before_update,agent_003,Low Risk,1.0,1.0,1.0,0.5,0.5,0.5,False
113,1,before_update,agent_004,Low Risk,1.0,1.0,1.0,0.5,0.5,0.5,False
113,1,before_update,agent_005,Low Risk,1.0,1.0,1.0,0.5,0.5,0.5,False
113,1,before_update,agent_006,Low Risk,1.0,1.0,1.0,0.5,0.5,0.5,False
113,1,after_update,agent_001,Low Risk,1.0,1.0,1.0,0.4,0.4,0.4,False
113,1,after_update,agent_002,Low Risk,1.0,1.0,1.0,0.4,0.4,0.4,False
113,1,after_update,agent_003,Low Risk,1.0,1.0,1.0,0.4,0.4,0.4,False
113,1,after_update,agent_004,Low Risk,1.0,1.0,1.0,0.4,0.4,0.4,False
113,1,after_update,agent_005,Low Risk,1.0,1.0,1.0,0.4,0.4,0.4,False
113,1,after_update,agent_006,Low Risk,1.0,1.0,1.0,0.4,0.4,0.4,False
114,1,before_update,agent_001,Low Risk,1.0,1.0,1.0,0.5,0.5,0.5,False
114,1,before_update,agent_002,Low Risk,1.0,1.0,1.0,0.5,0.5,0.5,False
114,1,before_update,agent_003,Low Risk,1.0,1.0,1.0,0.5,0.5,0.5,False
114,1,before_update,agent_004,Low Risk,1.0,1.0,1.0,0.5,0.5,0.5,False
114,1,before_update,agent_005,Low Risk,1.0,1.0,1.0,0.5,0.5,0.5,False
114,1,before_update,agent_006,Low Risk,1.0,1.0,1.0,0.5,0.5,0.5,False
114,1,after_update,agent_001,Low Risk,1.0,1.0,1.0,0.4,0.4,0.4,False
114,1,after_update,agent_002,Low Risk,1.0,1.0,1.0,0.4,0.4,0.4,False
114,1,after_update,agent_003,Low Risk,1.0,1.0,1.0,0.4,0.4,0.4,False
114,1,after_update,agent_004,Low Risk,1.0,1.0,1.0,0.4,0.4,0.4,False
114,1,after_update,agent_005,Low Risk,1.0,1.0,1.0,0.4,0.4,0.4,False
114,1,after_update,agent_006,Low Risk,1.0,1.0,1.0,0.4,0.4,0.4,False
115,1,before_update,agent_001,Low Risk,1.0,1.0,1.0,0.5,0.5,0.5,False
115,1,before_update,agent_002,Low Risk,1.0,1.0,1.0,0.5,0.5,0.5,False
115,1,before_update,agent_003,Low Risk,1.0,1.0,1.0,0.5,0.5,0.5,False
115,1,before_update,agent_004,Low Risk,1.0,1.0,1.0,0.5,0.5,0.5,False
115,1,before_update,agent_005,Low Risk,1.0,1.0,1.0,0.5,0.5,0.5,False
115,1,before_update,agent_006,Low Risk,1.0,1.0,1.0,0.5,0.5,0.5,False
115,1,after_update,agent_001,Low Risk,1.0,1.0,1.0,0.4,0.4,0.4,False
115,1,after_update,agent_002,Low Risk,1.0,1.0,1.0,0.4,0.4,0.4,False
115,1,after_update,agent_003,Low Risk,1.0,1.0,1.0,0.4,0.4,0.4,False
115,1,after_update,agent_004,Low Risk,1.0,1.0,1.0,0.4,0.4,0.4,False
115,1,after_update,agent_005,Low Risk,1.0,1.0,1.0,0.4,0.4,0.4,False
115,1,after_update,agent_006,Low Risk,1.0,1.0,1.0,0.4,0.4,0.4,False
116,1,before_update,agent_001,Low Risk,1.0,1.0,1.0,0.5,0.5,0.5,False
116,1,before_update,agent_002,Low Risk,1.0,1.0,1.0,0.5,0.5,0.5,False
116,1,before_update,agent_003,Low Risk,1.0,1.0,1.0,0.5,0.5,0.5,False
116,1,before_update,agent_004,Low Risk,1.0,1.0,1.0,0.5,0.5,0.5,False
116,1,before_update,agent_005,Low Risk,1.0,1.0,1.0,0.5,0.5,0.5,False
116,1,before_update,agent_006,Low Risk,1.0,1.0,1.0,0.5,0.5,0.5,False
116,1,after_update,agent_001,Low Risk,1.0,1.0,1.0,0.4,0.4,0.4,False
116,1,after_update,agent_002,Low Risk,1.0,1.0,1.0,0.4,0.4,0.4,False
116,1,after_update,agent_003,Low Risk,1.0,1.0,1.0,0.4,0.4,0.4,False
116,1,after_update,agent_004,Low Risk,1.0,1.0,1.0,0.4,0.4,0.4,False
116,1,after_update,agent_005,Low Risk,1.0,1.0,1.0,0.4,0.4,0.4,False
116,1,after_update,agent_006,Low Risk,1.0,1.0,1.0,0.4,0.4,0.4,False
117,1,before_update,agent_001,Low Risk,1.0,1.0,1.0,0.5,0.5,0.5,False
117,1,before_update,agent_002,Low Risk,1.0,1.0,1.0,0.5,0.5,0.5,False
117,1,before_update,agent_003,Low Risk,1.0,1.0,1.0,0.5,0.5,0.5,False
117,1,before_update,agent_004,Low Risk,1.0,1.0,1.0,0.5,0.5,0.5,False
117,1,before_update,agent_005,Low Risk,1.0,1.0,1.0,0.5,0.5,0.5,False
117,1,before_update,agent_006,Low Risk,1.0,1.0,1.0,0.5,0.5,0.5,False
117,1,after_update,agent_001,Low Risk,1.0,1.0,1.0,0.4,0.4,0.4,False
117,1,after_update,agent_002,Low Risk,1.0,1.0,1.0,0.4,0.4,0.4,False
117,1,after_update,agent_003,Low Risk,1.0,1.0,1.0,0.4,0.4,0.4,False
117,1,after_update,agent_004,Low Risk,1.0,1.0,1.0,0.4,0.4,0.4,False
117,1,after_update,agent_005,Low Risk,1.0,1.0,1.0,0.4,0.4,0.4,False
117,1,after_update,agent_006,Low Risk,1.0,1.0,1.0,0.4,0.4,0.4,False
118,1,before_update,agent_001,Low Risk,1.0,1.0,1.0,0.5,0.5,0.5,False
118,1,before_update,agent_002,Low Risk,1.0,1.0,1.0,0.5,0.5,0.5,False
118,1,before_update,agent_003,Low Risk,1.0,1.0,1.0,0.5,0.5,0.5,False
118,1,before_update,agent_004,Low Risk,1.0,1.0,1.0,0.5,0.5,0.5,False
118,1,before_update,agent_005,Low Risk,1.0,1.0,1.0,0.5,0.5,0.5,False
118,1,before_update,agent_006,Low Risk,1.0,1.0,1.0,0.5,0.5,0.5,False
118,1,after_update,agent_001,Low Risk,1.0,1.0,1.0,0.4,0.4,0.4,False
118,1,after_update,agent_002,Low Risk,1.0,1.0,1.0,0.4,0.4,0.4,False
118,1,after_update,agent_003,Low Risk,1.0,1.0,1.0,0.4,0.4,0.4,False
118,1,after_update,agent_004,Low Risk,1.0,1.0,1.0,0.4,0.4,0.4,False
118,1,after_update,agent_005,Low Risk,1.0,1.0,1.0,0.4,0.4,0.4,False
118,1,after_update,agent_006,Low Risk,1.0,1.0,1.0,0.4,0.4,0.4,False
119,1,before_update,agent_001,Low Risk,1.0,1.0,1.0,0.5,0.5,0.5,False
119,1,before_update,agent_002,Low Risk,1.0,1.0,1.0,0.5,0.5,0.5,False
119,1,before_update,agent_003,Low Risk,1.0,1.0,1.0,0.5,0.5,0.5,False
119,1,before_update,agent_004,Low Risk,1.0,1.0,1.0,0.5,0.5,0.5,False
119,1,before_update,agent_005,Low Risk,1.0,1.0,1.0,0.5,0.5,0.5,False
119,1,before_update,agent_006,Low Risk,1.0,1.0,1.0,0.5,0.5,0.5,False
119,1,after_update,agent_001,Low Risk,1.0,1.0,1.0,0.4,0.4,0.4,False
119,1,after_update,agent_002,Low Risk,1.0,1.0,1.0,0.4,0.4,0.4,False
119,1,after_update,agent_003,Low Risk,1.0,1.0,1.0,0.4,0.4,0.4,False
119,1,after_update,agent_004,Low Risk,1.0,1.0,1.0,0.4,0.4,0.4,False
119,1,after_update,agent_005,Low Risk,1.0,1.0,1.0,0.4,0.4,0.4,False
119,1,after_update,agent_006,Low Risk,1.0,1.0,1.0,0.4,0.4,0.4,False
120,1,before_update,agent_001,Low Risk,1.0,1.0,1.0,0.5,0.5,0.5,False
120,1,before_update,agent_002,Low Risk,1.0,1.0,1.0,0.5,0.5,0.5,False
120,1,before_update,agent_003,Low Risk,1.0,1.0,1.0,0.5,0.5,0.5,False
120,1,before_update,agent_004,Low Risk,1.0,1.0,1.0,0.5,0.5,0.5,False
120,1,before_update,agent_005,Low Risk,1.0,1.0,1.0,0.5,0.5,0.5,False
120,1,before_update,agent_006,Low Risk,1.0,1.0,1.0,0.5,0.5,0.5,False
120,1,after_update,agent_001,Low Risk,1.0,1.0,1.0,0.4,0.4,0.4,False
120,1,after_update,agent_002,Low Risk,1.0,1.0,1.0,0.4,0.4,0.4,False
120,1,after_update,agent_003,Low Risk,1.0,1.0,1.0,0.4,0.4,0.4,False
120,1,after_update,agent_004,Low Risk,1.0,1.0,1.0,0.4,0.4,0.4,False
120,1,after_update,agent_005,Low Risk,1.0,1.0,1.0,0.4,0.4,0.4,False
120,1,after_update,agent_006,Low Risk,1.0,1.0,1.0,0.4,0.4,0.4,False
121,1,before_update,agent_001,Medium Risk,1.0,1.0,0.1,0.5,0.5,0.5,True
121,1,before_update,agent_002,Medium Risk,1.0,1.0,0.1,0.5,0.5,0.5,True
121,1,before_update,agent_003,Medium Risk,1.0,1.0,0.1,0.5,0.5,0.5,True
121,1,before_update,agent_004,Medium Risk,1.0,1.0,0.1,0.5,0.5,0.5,True
121,1,before_update,agent_005,Medium Risk,1.0,1.0,0.1,0.5,0.5,0.5,True
121,1,before_update,agent_006,Medium Risk,1.0,1.0,0.1,0.5,0.5,0.5,True
121,1,after_update,agent_001,Medium Risk,1.0,1.0,0.1,0.6667,0.6667,0.5,True
121,1,after_update,agent_002,Medium Risk,1.0,1.0,0.1,0.6667,0.6667,0.5,True
121,1,after_update,agent_003,Medium Risk,1.0,1.0,0.1,0.6667,0.6667,0.5,True
121,1,after_update,agent_004,Medium Risk,1.0,1.0,0.1,0.6667,0.6667,0.5,True
121,1,after_update,agent_005,Medium Risk,1.0,1.0,0.1,0.6667,0.6667,0.5,True
121,1,after_update,agent_006,Medium Risk,1.0,1.0,0.1,0.6667,0.6667,0.5,True
122,1,before_update,agent_001,Low Risk,1.0,0.9735,1.0,0.5,0.5,0.5,False
122,1,before_update,agent_002,Low Risk,1.0,0.8676,1.0,0.5,0.5,0.5,False
122,1,before_update,agent_003,Low Risk,1.0,0.9735,1.0,0.5,0.5,0.5,False
122,1,before_update,agent_004,Low Risk,1.0,0.9735,1.0,0.5,0.5,0.5,False
122,1,before_update,agent_005,Low Risk,1.0,0.9735,1.0,0.5,0.5,0.5,False
122,1,before_update,agent_006,Low Risk,1.0,0.9735,1.0,0.5,0.5,0.5,False
122,1,after_update,agent_001,Low Risk,1.0,0.9735,1.0,0.4,0.4,0.4,False
122,1,after_update,agent_002,Low Risk,1.0,0.8676,1.0,0.4,0.4,0.4,False
122,1,after_update,agent_003,Low Risk,1.0,0.9735,1.0,0.4,0.4,0.4,False
122,1,after_update,agent_004,Low Risk,1.0,0.9735,1.0,0.4,0.4,0.4,False
122,1,after_update,agent_005,Low Risk,1.0,0.9735,1.0,0.4,0.4,0.4,False
122,1,after_update,agent_006,Low Risk,1.0,0.9735,1.0,0.4,0.4,0.4,False
123,1,before_update,agent_001,Low Risk,1.0,1.0,1.0,0.5,0.5,0.5,False
123,1,before_update,agent_002,Low Risk,1.0,1.0,1.0,0.5,0.5,0.5,False
123,1,before_update,agent_003,Low Risk,1.0,1.0,1.0,0.5,0.5,0.5,False
123,1,before_update,agent_004,Low Risk,1.0,1.0,1.0,0.5,0.5,0.5,False
123,1,before_update,agent_005,Low Risk,1.0,1.0,1.0,0.5,0.5,0.5,False
123,1,before_update,agent_006,Low Risk,1.0,1.0,1.0,0.5,0.5,0.5,False
123,1,after_update,agent_001,Low Risk,1.0,1.0,1.0,0.4,0.4,0.4,False
123,1,after_update,agent_002,Low Risk,1.0,1.0,1.0,0.4,0.4,0.4,False
123,1,after_update,agent_003,Low Risk,1.0,1.0,1.0,0.4,0.4,0.4,False
123,1,after_update,agent_004,Low Risk,1.0,1.0,1.0,0.4,0.4,0.4,False
123,1,after_update,agent_005,Low Risk,1.0,1.0,1.0,0.4,0.4,0.4,False
123,1,after_update,agent_006,Low Risk,1.0,1.0,1.0,0.4,0.4,0.4,False
124,1,before_update,agent_001,Low Risk,1.0,1.0,1.0,0.5,0.5,0.5,False
124,1,before_update,agent_002,Low Risk,1.0,1.0,1.0,0.5,0.5,0.5,False
124,1,before_update,agent_003,Low Risk,1.0,1.0,1.0,0.5,0.5,0.5,False
124,1,before_update,agent_004,Low Risk,1.0,1.0,1.0,0.5,0.5,0.5,False
124,1,before_update,agent_005,Low Risk,1.0,1.0,1.0,0.5,0.5,0.5,False
124,1,before_update,agent_006,Low Risk,1.0,1.0,1.0,0.5,0.5,0.5,False
124,1,after_update,agent_001,Low Risk,1.0,1.0,1.0,0.4,0.4,0.4,False
124,1,after_update,agent_002,Low Risk,1.0,1.0,1.0,0.4,0.4,0.4,False
124,1,after_update,agent_003,Low Risk,1.0,1.0,1.0,0.4,0.4,0.4,False
124,1,after_update,agent_004,Low Risk,1.0,1.0,1.0,0.4,0.4,0.4,False
124,1,after_update,agent_005,Low Risk,1.0,1.0,1.0,0.4,0.4,0.4,False
124,1,after_update,agent_006,Low Risk,1.0,1.0,1.0,0.4,0.4,0.4,False
